goodsid,goodsname,name,goodstype,factoryname,goodsunit,minqty,placepoint,placepointid,entryid,unit,updatetime
334411,康复新液,,150ml*2瓶,四川好医生攀西药业有限责任公司,盒,1,,,6,厦门鹭燕大药房有限公司,2022/10/19 10:48
86146,康复新液,,50ml*2瓶,四川好医生攀西药业有限责任公司,盒,2,,,6,厦门鹭燕大药房有限公司,2023/9/28 16:21
262177,小儿珠珀散,,0.3g*5瓶,香港保和堂制药有限公司,盒,2,,,6,厦门鹭燕大药房有限公司,2022/10/19 10:48
33770,益气养血口服液,,15ml*12支,通药制药集团股份有限公司,盒,2,,,6,厦门鹭燕大药房有限公司,2022/10/19 10:48
392455,痔疮栓,,2g(含芒硝46mg)*6粒,通药制药集团股份有限公司,盒,2,,,6,厦门鹭燕大药房有限公司,2023/9/28 11:23
27031,盐酸特比萘芬凝胶,,10g:0.1g,通药制药集团股份有限公司,支,2,,,6,厦门鹭燕大药房有限公司,2023/9/28 11:18
255537,消糜栓,,4粒*2板,通药制药集团股份有限公司,盒,2,,,6,厦门鹭燕大药房有限公司,2022/10/19 10:48
174609,地奥司明片,,0.45g*24片,马应龙药业集团股份有限公司,盒,2,,,6,厦门鹭燕大药房有限公司,2023/9/28 11:21
26495,麝香痔疮栓,,1.5g*12枚,马应龙药业集团股份有限公司,盒,2,,,6,厦门鹭燕大药房有限公司,2023/9/28 11:18
20910,马应龙麝香痔疮膏,,20g,马应龙药业集团股份有限公司,支,2,,,6,厦门鹭燕大药房有限公司,2023/9/28 11:18
70608,马应龙麝香痔疮膏,,4g*6支,马应龙药业集团股份有限公司,盒,2,,,6,厦门鹭燕大药房有限公司,2022/10/19 10:48
31769,龙珠软膏,,15g,马应龙药业集团股份有限公司,支,2,,,6,厦门鹭燕大药房有限公司,2022/10/19 10:48
3663,麝香痔疮栓,马应龙,1.5g*6枚,马应龙药业集团股份有限公司,盒,2,,,6,厦门鹭燕大药房有限公司,2022/10/19 10:48
26496,痔炎消片,,0.53g*30片,马应龙药业集团股份有限公司,盒,2,,,6,厦门鹭燕大药房有限公司,2022/10/19 10:48
116288,双唑泰栓,,复方*7枚,江苏远恒药业有限公司,盒,2,,,6,厦门鹭燕大药房有限公司,2022/10/19 10:48
36243,氧氟沙星滴眼液,,8ml:24mg*2支,江苏远恒药业有限公司,盒,2,,,6,厦门鹭燕大药房有限公司,2022/10/19 10:48
3199,制霉素阴道栓,,20万IU*6枚,江苏远恒药业有限公司,盒,2,,,6,厦门鹭燕大药房有限公司,2022/10/19 10:48
276617,复方氨酚烷胺片,,复方*18片,吉林省吴太感康药业有限公司,盒,2,,,6,厦门鹭燕大药房有限公司,2022/10/19 10:48
2852,复方氨酚烷胺片,感康,复方*12片,吉林省吴太感康药业有限公司,盒,2,,,6,厦门鹭燕大药房有限公司,2022/10/19 10:48
2880,高锰酸钾外用片,,0.1g*24片,济南康福生制药有限公司,盒,2,,,6,厦门鹭燕大药房有限公司,2022/10/19 10:48
53200,川贝清肺糖浆,,100ml,江西铜鼓仁和制药有限公司,瓶,2,,,6,厦门鹭燕大药房有限公司,2023/6/30 15:30
41867,人工牛黄甲硝唑胶囊,,甲硝唑0.2g人工牛黄5mg*24粒,江西药都仁和制药有限公司,盒,2,,,6,厦门鹭燕大药房有限公司,2022/10/19 10:48
41885,清火胶囊,,0.5g*36粒,江西药都仁和制药有限公司,盒,2,,,6,厦门鹭燕大药房有限公司,2022/10/19 10:48
42127,湿毒清片,,0.5g*24片,江西药都仁和制药有限公司,盒,2,,,6,厦门鹭燕大药房有限公司,2022/10/19 10:48
42124,小儿咽扁颗粒,,8g*8袋,江西药都仁和制药有限公司,盒,2,,,6,厦门鹭燕大药房有限公司,2022/10/19 10:48
47823,氢溴酸右美沙芬糖浆,,100ml,江西药都仁和制药有限公司,瓶,2,,,6,厦门鹭燕大药房有限公司,2023/9/28 11:20
46751,肾脾双补口服液,,10ml*20支,江西药都仁和制药有限公司,盒,1,,,6,厦门鹭燕大药房有限公司,2023/6/30 15:30
272620,痔速宁片,,0.31g*12片*3板,江西药都仁和制药有限公司,盒,2,,,6,厦门鹭燕大药房有限公司,2022/10/19 10:48
3391,胃得安片,,0.46g*100片,金陵药业股份有限公司福州梅峰制药厂,盒,2,,,6,厦门鹭燕大药房有限公司,2022/10/19 10:48
23397,丹栀逍遥丸,,60g(每12丸重1g),厦门中药厂有限公司,瓶,2,,,6,厦门鹭燕大药房有限公司,2022/10/19 10:48
342645,新癀片,,0.32g*48片,厦门中药厂有限公司,盒,2,,,6,厦门鹭燕大药房有限公司,2022/10/19 10:48
4073,新癀片,,0.32g*36片,厦门中药厂有限公司,盒,2,,,6,厦门鹭燕大药房有限公司,2023/9/28 16:28
31523,海珠喘息定片,,0.48g*84片,厦门中药厂有限公司,盒,2,,,6,厦门鹭燕大药房有限公司,2023/9/28 16:21
392571,八宝丹胶囊,,0.3g*18粒,厦门中药厂有限公司,盒,1,,,6,厦门鹭燕大药房有限公司,2023/6/30 15:35
4070,胃散,,2g*12袋,厦门中药厂有限公司,盒,1,,,6,厦门鹭燕大药房有限公司,2023/6/30 15:30
4069,肾舒颗粒(无糖),,10g*9袋,厦门中药厂有限公司,盒,2,,,6,厦门鹭燕大药房有限公司,2022/10/19 10:48
330703,湿润烧伤膏,,10g*3支,汕头市美宝制药有限公司,盒,2,,,6,厦门鹭燕大药房有限公司,2022/10/19 10:48
4106,稳心颗粒,,5g*9袋(无蔗糖型),山东步长制药股份有限公司,盒,2,,,6,厦门鹭燕大药房有限公司,2022/10/19 10:48
26911,谷维素片,,10mg*100片,上海玉瑞生物科技(安阳)药业有限公司,瓶,2,,,6,厦门鹭燕大药房有限公司,2022/10/19 10:48
4944,格列齐特缓释片,达美康,30mg*30片,施维雅(天津)制药有限公司,盒,2,,,6,厦门鹭燕大药房有限公司,2022/10/19 10:48
4964,通心络胶囊,,0.26g*30粒,石家庄以岭药业股份有限公司,盒,2,,,6,厦门鹭燕大药房有限公司,2022/10/19 10:48
4961,连花清瘟胶囊,,0.35g*24粒,石家庄以岭药业股份有限公司,盒,2,,,6,厦门鹭燕大药房有限公司,2023/2/6 15:35
47090,清热解毒软胶囊,,0.8g*18粒,石药集团欧意药业有限公司,盒,2,,,6,厦门鹭燕大药房有限公司,2023/2/24 8:32
388713,盐酸二甲双胍片,,0.5g*60片,石药集团欧意药业有限公司,盒,2,,,6,厦门鹭燕大药房有限公司,2023/4/27 9:29
47303,阿奇霉素分散片,,0.25g*12片,石药集团欧意药业有限公司,盒,2,,,6,厦门鹭燕大药房有限公司,2022/10/19 10:48
105670,复方熊胆薄荷含片,,复方*20片,石药集团欧意药业有限公司,盒,2,,,6,厦门鹭燕大药房有限公司,2022/10/19 10:48
388109,阿卡波糖片,,50mg*30片,石药集团欧意药业有限公司,盒,2,,,6,厦门鹭燕大药房有限公司,2023/9/28 16:21
357600,糠酸莫米松乳膏,艾洛松,0.1%(10g:10mg),上海新亚药业闵行有限公司,盒,2,,,6,厦门鹭燕大药房有限公司,2022/10/19 10:48
26891,复方酮康唑软膏,,7g,上海新亚药业闵行有限公司,支,2,,,6,厦门鹭燕大药房有限公司,2022/10/19 10:48
78537,夏桑菊颗粒,,10g*10袋,陕西步长制药有限公司,盒,2,,,6,厦门鹭燕大药房有限公司,2022/10/19 10:48
294245,双氯芬酸钠缓释胶囊(I),,100mg*12粒,陕西步长制药有限公司,盒,2,,,6,厦门鹭燕大药房有限公司,2022/10/19 10:48
4377,咳露口服液,,120ml,陕西步长制药有限公司,瓶,2,,,6,厦门鹭燕大药房有限公司,2023/6/30 15:30
4378,脑心通胶囊,,0.4g*36粒,陕西步长制药有限公司,盒,2,,,6,厦门鹭燕大药房有限公司,2022/10/19 10:48
27150,苄达赖氨酸滴眼液,莎普爱思,5ml:25mg,浙江莎普爱思药业股份有限公司,瓶,2,,,6,厦门鹭燕大药房有限公司,2022/10/19 10:48
73922,法莫替丁钙镁咀嚼片,仕卫,12片,烟台荣昌制药股份有限公司,盒,2,,,6,厦门鹭燕大药房有限公司,2022/10/19 10:48
36196,肛泰软膏,,10g,烟台荣昌制药股份有限公司,支,2,,,6,厦门鹭燕大药房有限公司,2022/10/19 10:48
26695,肛泰栓,,1g*6枚,烟台荣昌制药股份有限公司,盒,2,,,6,厦门鹭燕大药房有限公司,2022/10/19 10:48
5807,肛泰,,0.5g:7.5cm*7.5cm*4片,烟台荣昌制药股份有限公司,盒,2,,,6,厦门鹭燕大药房有限公司,2022/10/19 10:48
416643,蓝芩口服液,,每支装10ml(相当于原药材21.2g)*7支,扬子江药业集团有限公司,盒,1,,,6,厦门鹭燕大药房有限公司,2023/2/24 8:37
9129,非布司他片,,40mg*10片,江苏恒瑞医药股份有限公司,盒,2,,,6,厦门鹭燕大药房有限公司,2022/10/19 10:48
3326,萘敏维滴眼液,闪亮,10ml,江西闪亮制药有限公司,瓶,2,,,6,厦门鹭燕大药房有限公司,2022/10/19 10:48
82164,氧氟沙星滴眼液,,5ml:15mg(10ml),江西闪亮制药有限公司,盒,2,,,6,厦门鹭燕大药房有限公司,2022/10/19 10:48
26930,复方门冬维甘滴眼液,蓝闪亮,10ml,江西闪亮制药有限公司,盒,2,,,6,厦门鹭燕大药房有限公司,2022/10/19 10:48
2708,维生素B1片,,10mg*100片,华中药业股份有限公司,瓶,2,,,6,厦门鹭燕大药房有限公司,2022/10/19 10:48
2709,维生素B6片,,10mg*100片,华中药业股份有限公司,瓶,2,,,6,厦门鹭燕大药房有限公司,2022/10/19 10:48
28213,维生素C片,,0.1g*100片,华中药业股份有限公司,瓶,2,,,6,厦门鹭燕大药房有限公司,2022/10/19 10:48
2710,维生素B2片,,5mg*100片,华中药业股份有限公司,瓶,2,,,6,厦门鹭燕大药房有限公司,2023/10/31 16:03
67097,维生素AD滴剂,伊可新,2000IU:700IU*30粒,山东达因海洋生物制药股份有限公司,盒,2,,,6,厦门鹭燕大药房有限公司,2022/10/19 10:48
4108,复方碳酸钙泡腾颗粒,盖笛欣,1.5g*30袋,山东达因海洋生物制药股份有限公司,盒,1,,,6,厦门鹭燕大药房有限公司,2022/10/19 10:48
67089,维生素AD滴剂,伊可新,1500IU:500IU*30粒,山东达因海洋生物制药股份有限公司,盒,2,,,6,厦门鹭燕大药房有限公司,2022/10/19 10:48
187267,热淋清片,,0.5g(相当于原材料3.33g)*12片*3板,上海海虹实业(集团)巢湖今辰药业有限公司,盒,2,,,6,厦门鹭燕大药房有限公司,2023/2/24 8:33
4501,牛黄上清片,,48片,上海海虹实业(集团)巢湖今辰药业有限公司,盒,2,,,6,厦门鹭燕大药房有限公司,2023/9/28 16:28
330414,盐酸氨溴索口服溶液,,180ml(100ml:0.6g)(无糖型),上海海虹实业(集团)巢湖今辰药业有限公司,瓶,2,,,6,厦门鹭燕大药房有限公司,2023/6/30 15:34
66412,头孢克肟胶囊,今辰,0.1g*12粒,上海海虹实业(集团)巢湖今辰药业有限公司,盒,2,,,6,厦门鹭燕大药房有限公司,2023/6/30 15:30
246942,盐酸氨溴索口服溶液,,120ml(3毫克/毫升),北京韩美药品有限公司,瓶,2,,,6,厦门鹭燕大药房有限公司,2022/10/19 10:48
96073,氨溴特罗口服溶液,易坦静,120ml,北京韩美药品有限公司,瓶,2,,,6,厦门鹭燕大药房有限公司,2022/10/19 10:48
586,枯草杆菌二联活菌颗粒,妈咪爱,1g*10袋,北京韩美药品有限公司,盒,2,,,6,厦门鹭燕大药房有限公司,2022/10/19 10:48
584,枯草杆菌二联活菌肠溶胶囊,美常安,0.25g*10粒,北京韩美药品有限公司,盒,2,,,6,厦门鹭燕大药房有限公司,2022/10/19 10:48
581,氨溴特罗口服溶液,易坦静,60ml,北京韩美药品有限公司,瓶,2,,,6,厦门鹭燕大药房有限公司,2022/10/19 10:48
490,盐酸坦索罗辛缓释胶囊,哈乐,0.2mg*10粒,安斯泰来制药(中国)有限公司,盒,1,,,6,厦门鹭燕大药房有限公司,2022/10/19 10:48
303726,硝酸甘油片,,0.5mg*15片,北京益民药业有限公司,盒,2,,,6,厦门鹭燕大药房有限公司,2023/9/28 11:22
35477,茶苯海明含片,贻晗柠,20mg*6片,北京益民药业有限公司,盒,2,,,6,厦门鹭燕大药房有限公司,2022/10/19 10:48
854,脂必妥片,,0.35g*30片,成都地奥九泓制药厂,盒,2,,,6,厦门鹭燕大药房有限公司,2022/10/19 10:48
62510,克霉唑阴道片,,0.5g*2片,迪沙药业集团有限公司,盒,2,,,6,厦门鹭燕大药房有限公司,2023/9/28 16:22
14185,重感灵片,,48片,广东嘉应制药股份有限公司,瓶,2,,,6,厦门鹭燕大药房有限公司,2022/10/19 10:48
1433,双料喉风散,,2.2g,广东嘉应制药股份有限公司,瓶,2,,,6,厦门鹭燕大药房有限公司,2022/10/19 10:48
1499,酮康他索乳膏,顺峰康王,10g,广东华润顺峰药业有限公司,支,2,,,6,厦门鹭燕大药房有限公司,2022/10/19 10:48
436701,复方醋酸地塞米松乳膏,,复方（20g:15mg）,广东华润顺峰药业有限公司,支,2,,,6,厦门鹭燕大药房有限公司,2023/10/16 10:48
28077,咪康唑氯倍他索乳膏,,10g,广东华润顺峰药业有限公司,支,2,,,6,厦门鹭燕大药房有限公司,2022/10/19 10:48
230351,小柴胡颗粒,,10g*10袋,广州王老吉药业股份有限公司,盒,2,,,6,厦门鹭燕大药房有限公司,2023/2/24 8:34
486400,保济丸,,1.85g*20袋,广州王老吉药业股份有限公司,盒,2,,,6,厦门鹭燕大药房有限公司,2023/4/27 9:30
439041,保济口服液,,10ml(每1ml相当于饮片0.187g)*8支,广州王老吉药业股份有限公司,盒,2,,,6,厦门鹭燕大药房有限公司,2022/10/19 10:48
37488,小儿七星茶颗粒,,7g*10包,广州王老吉药业股份有限公司,盒,2,,,6,厦门鹭燕大药房有限公司,2022/10/19 10:48
501136,人丹,,1.725g(10丸重0.120g),广州王老吉药业股份有限公司,盒,2,,,6,厦门鹭燕大药房有限公司,2023/9/28 16:28
1757,醒脾养儿颗粒,,2g*12袋,贵州健兴药业有限公司,盒,2,,,6,厦门鹭燕大药房有限公司,2022/10/19 10:48
81351,肺力咳合剂,,150ml,贵州健兴药业有限公司,瓶,2,,,6,厦门鹭燕大药房有限公司,2022/10/19 10:48
53067,氯雷他定片,,10mg*12片,海南海神同洲制药有限公司,盒,2,,,6,厦门鹭燕大药房有限公司,2022/10/19 10:48
2202,养胃舒颗粒,,10g*6袋,合肥华润神鹿药业有限公司,盒,2,,,6,厦门鹭燕大药房有限公司,2022/10/19 10:48
2201,温胃舒颗粒,,10g*6袋,合肥华润神鹿药业有限公司,盒,2,,,6,厦门鹭燕大药房有限公司,2022/10/19 10:48
37164,叶酸片,斯利安,0.4mg*93片,北京斯利安药业有限公司,盒,2,,,6,厦门鹭燕大药房有限公司,2022/10/19 10:48
656,叶酸片,斯利安,0.4mg*31片,北京斯利安药业有限公司,盒,2,,,6,厦门鹭燕大药房有限公司,2022/10/19 10:48
700,参苓白术丸,,6g*12袋,北京同仁堂制药有限公司,盒,2,,,6,厦门鹭燕大药房有限公司,2022/10/19 10:48
27259,蜂胶口腔膜,,1cm*1.3cm*5片*4袋,华润紫竹药业有限公司,盒,2,,,6,厦门鹭燕大药房有限公司,2022/10/19 10:48
761,左炔诺孕酮片,金毓婷,1.5mg,华润紫竹药业有限公司,盒,2,,,6,厦门鹭燕大药房有限公司,2022/10/19 10:48
760,左炔诺孕酮片,毓婷,0.75mg*2片,华润紫竹药业有限公司,盒,2,,,6,厦门鹭燕大药房有限公司,2022/10/19 10:48
396980,蒙脱石散,,3g*10袋(桔子味 OTC),博福-益普生(天津)制药有限公司,盒,2,,,6,厦门鹭燕大药房有限公司,2022/10/19 10:48
390959,蒙脱石散,思密达,3g*10袋(草莓味),博福-益普生(天津)制药有限公司,盒,2,,,6,厦门鹭燕大药房有限公司,2022/10/19 10:48
268316,蒙脱石散,思密达,3g*15袋(草莓味),博福-益普生(天津)制药有限公司,盒,2,,,6,厦门鹭燕大药房有限公司,2022/10/19 10:48
268301,蒙脱石散,思密达,3g*15袋(桔子味),博福-益普生(天津)制药有限公司,盒,2,,,6,厦门鹭燕大药房有限公司,2022/10/19 10:48
363234,乳果糖口服溶液,,10ml:5g*9支,大连美罗中药厂有限公司,盒,2,,,6,厦门鹭燕大药房有限公司,2022/10/19 10:48
24540,克霉唑乳膏,,3％:10g,广东恒健制药有限公司,支,2,,,6,厦门鹭燕大药房有限公司,2022/10/19 10:48
1404,过氧化氢溶液,,3%*100ml,广东恒健制药有限公司,瓶,2,,,6,厦门鹭燕大药房有限公司,2022/10/19 10:48
79021,鱼石脂软膏,,10%(20g),广东恒健制药有限公司,支,2,,,6,厦门鹭燕大药房有限公司,2022/10/19 10:48
1409,开塞露(含甘油),,20ml,广东恒健制药有限公司,支,20,,,6,厦门鹭燕大药房有限公司,2022/10/19 10:48
27985,曲咪新乳膏,,10g,广东恒健制药有限公司,支,2,,,6,厦门鹭燕大药房有限公司,2022/10/19 10:48
27983,复方醋酸地塞米松乳膏,,10g:7.5mg,广东恒健制药有限公司,支,2,,,6,厦门鹭燕大药房有限公司,2022/10/19 10:48
24539,甲紫溶液,,1% 20ml,广东恒健制药有限公司,支,2,,,6,厦门鹭燕大药房有限公司,2022/10/19 10:48
1415,水杨酸苯酚贴膏,,0.2g*6贴,广东恒健制药有限公司,盒,2,,,6,厦门鹭燕大药房有限公司,2022/10/19 10:48
1413,乳酸依沙吖啶溶液,,100ml*0.1%,广东恒健制药有限公司,瓶,2,,,6,厦门鹭燕大药房有限公司,2022/10/19 10:48
1408,开塞露(含甘油),,10ml,广东恒健制药有限公司,支,20,,,6,厦门鹭燕大药房有限公司,2022/10/19 10:48
1402,汞溴红溶液(红药水),,2%*20ml,广东恒健制药有限公司,瓶,2,,,6,厦门鹭燕大药房有限公司,2022/10/19 10:48
1401,复方土槿皮酊,,15ml,广东恒健制药有限公司,瓶,2,,,6,厦门鹭燕大药房有限公司,2022/10/19 10:48
1399,碘酊,,2%*20ml,广东恒健制药有限公司,瓶,2,,,6,厦门鹭燕大药房有限公司,2022/10/19 10:48
37430,珊瑚癣净,,250ml*2瓶,贵州金桥药业有限公司,盒,2,,,6,厦门鹭燕大药房有限公司,2022/10/19 10:48
300052,棉签,,"单头,100mm*50支",杭州欧拓普生物技术有限公司,包,5,,,6,厦门鹭燕大药房有限公司,2022/10/19 10:48
34222,金银花露,,340ml(含糖型),湖北虎泉药业有限公司,瓶,2,,,6,厦门鹭燕大药房有限公司,2022/10/19 10:48
3100,阿司匹林肠溶片,,25mg*100片,江苏平光制药有限责任公司,瓶,2,,,6,厦门鹭燕大药房有限公司,2022/10/19 10:48
279810,林可霉素利多卡因凝胶,,15g,湖北舒邦药业有限公司,瓶,2,,,6,厦门鹭燕大药房有限公司,2022/10/19 10:48
21323,银花泌炎灵片,,0.5g*24片,吉林华康药业股份有限公司,盒,2,,,6,厦门鹭燕大药房有限公司,2023/9/28 16:25
46899,磷酸哌嗪宝塔糖,,0.2g*30片,江苏黄河药业股份有限公司,盒,2,,,6,厦门鹭燕大药房有限公司,2022/10/19 10:48
31193,复方氯己定含漱液,口泰,200ml,深圳南粤药业有限公司,瓶,2,,,6,厦门鹭燕大药房有限公司,2022/10/19 10:48
4842,甲硝唑氯己定洗剂,碧洁,50ml*6瓶,深圳南粤药业有限公司,盒,2,,,6,厦门鹭燕大药房有限公司,2022/10/19 10:48
494918,布洛芬混悬滴剂,,20ml(15ml:0.6g）,上海强生制药有限公司,盒,2,,,6,厦门鹭燕大药房有限公司,2023/8/31 11:31
4596,布洛芬混悬液,美林,100ml:2g,上海强生制药有限公司,瓶,2,,,6,厦门鹭燕大药房有限公司,2023/7/25 14:40
9598,酚麻美敏片,泰诺,20片,上海强生制药有限公司,盒,2,,,6,厦门鹭燕大药房有限公司,2022/10/19 10:48
139087,右美沙芬愈创甘油醚糖浆,,150ml,上海强生制药有限公司,盒,2,,,6,厦门鹭燕大药房有限公司,2022/10/19 10:48
97229,对乙酰氨基酚混悬滴剂,泰诺林,15ml:1.5g*20ml,上海强生制药有限公司,瓶,2,,,6,厦门鹭燕大药房有限公司,2023/9/28 11:21
97220,布洛芬混悬滴剂,美林,15ml:0.6g（20ml）,上海强生制药有限公司,瓶,2,,,6,厦门鹭燕大药房有限公司,2022/10/19 10:48
4598,对乙酰氨基酚缓释片,泰诺林,650mg*18片,上海强生制药有限公司,盒,2,,,6,厦门鹭燕大药房有限公司,2022/10/19 10:48
165427,盐酸金霉素眼膏,,2.5g(0.5%),北京双吉制药有限公司,支,5,,,6,厦门鹭燕大药房有限公司,2022/10/19 10:48
117867,红霉素眼膏,,0.5%*2.5g/支,北京双吉制药有限公司,盒,2,,,6,厦门鹭燕大药房有限公司,2022/10/19 10:48
75054,足光散,,40g*5袋,成都九芝堂金鼎药业有限公司,盒,2,,,6,厦门鹭燕大药房有限公司,2022/10/19 10:48
882,足光散,,40g*3袋,成都九芝堂金鼎药业有限公司,盒,2,,,6,厦门鹭燕大药房有限公司,2022/10/19 10:48
368418,颈复康颗粒,,5g*14袋,颈复康药业集团有限公司,盒,2,,,6,厦门鹭燕大药房有限公司,2022/10/19 10:48
1169,赛霉安散,,30g,福建省泉州亚泰制药有限公司,瓶,2,,,6,厦门鹭燕大药房有限公司,2022/10/19 10:48
42688,曲安奈德益康唑乳膏,,24g,福建太平洋制药有限公司,支,2,,,6,厦门鹭燕大药房有限公司,2022/10/19 10:48
51138,风油精,,9.3ml,福建太平洋制药有限公司,盒,2,,,6,厦门鹭燕大药房有限公司,2022/10/19 10:48
23613,曲安奈德益康唑乳膏,,16g,福建太平洋制药有限公司,支,2,,,6,厦门鹭燕大药房有限公司,2022/10/19 10:48
23413,风油精,,3ml,福建太平洋制药有限公司,瓶,2,,,6,厦门鹭燕大药房有限公司,2022/10/19 10:48
1369,乙酰半胱氨酸颗粒,,0.2g*10袋,广东百澳药业有限公司,盒,2,,,6,厦门鹭燕大药房有限公司,2023/6/30 15:29
31083,复方一枝黄花喷雾剂,,15ml,贵州百灵企业集团制药股份有限公司,瓶,2,,,6,厦门鹭燕大药房有限公司,2022/10/19 10:48
104046,金感胶囊,,0.45g*24粒,贵州百灵企业集团制药股份有限公司,盒,2,,,6,厦门鹭燕大药房有限公司,2022/10/19 10:48
79676,黄连上清片,,糖衣片(片芯重0.3克)24片*2板,贵州百灵企业集团制药股份有限公司,盒,2,,,6,厦门鹭燕大药房有限公司,2023/9/28 16:28
6869,银丹心脑通软胶囊,,0.4g*36粒,贵州百灵企业集团制药股份有限公司,盒,2,,,6,厦门鹭燕大药房有限公司,2023/6/30 15:30
134187,咳速停糖浆,,250ml,贵州百灵企业集团制药股份有限公司,瓶,2,,,6,厦门鹭燕大药房有限公司,2022/10/19 10:48
79675,强力枇杷露,,100ml,贵州百灵企业集团制药股份有限公司,盒,2,,,6,厦门鹭燕大药房有限公司,2022/10/19 10:48
31063,风寒感冒颗粒,,8g*10袋,贵州百灵企业集团制药股份有限公司,盒,2,,,6,厦门鹭燕大药房有限公司,2022/10/19 10:48
1734,维C银翘片,,18片(每片含维生素C 49.5mg、对乙酰氨基酚105mg、马来酸氯苯那敏1.05mg),贵州百灵企业集团制药股份有限公司,瓶,2,,,6,厦门鹭燕大药房有限公司,2022/10/19 10:48
388187,双羊喉痹通颗粒,,每袋装10g*6袋,贵州百灵企业集团制药股份有限公司,盒,2,,,6,厦门鹭燕大药房有限公司,2023/3/30 23:04
410229,四味脾胃舒颗粒,,10g*9袋,广西天天乐药业股份有限公司,盒,2,,,6,厦门鹭燕大药房有限公司,2022/10/19 10:48
1668,消渴丸,,30g(每10丸重2.5g，含格列本脲2.5mg),广州白云山中一药业有限公司,瓶,2,,,6,厦门鹭燕大药房有限公司,2022/10/19 10:48
27530,西瓜霜清咽含片,,1.8g*16片,桂林三金药业股份有限公司,盒,2,,,6,厦门鹭燕大药房有限公司,2022/10/19 10:48
46628,舒咽清喷雾剂,,20ml,桂林三金药业股份有限公司,支,2,,,6,厦门鹭燕大药房有限公司,2022/10/19 10:48
300653,西瓜霜润喉片,,0.6g*36片,桂林三金药业股份有限公司,盒,2,,,6,厦门鹭燕大药房有限公司,2022/10/19 10:48
100958,三金片,,0.29g*54片(相当于饮片3.5g),桂林三金药业股份有限公司,盒,2,,,6,厦门鹭燕大药房有限公司,2022/10/19 10:48
98756,桂林西瓜霜含片,,0.62g*12片,桂林三金药业股份有限公司,盒,2,,,6,厦门鹭燕大药房有限公司,2022/10/19 10:48
67947,桂林西瓜霜,,3.5g,桂林三金药业股份有限公司,盒,2,,,6,厦门鹭燕大药房有限公司,2022/10/19 10:48
385835,西瓜霜润喉片,,1.2g*12片,桂林三金药业股份有限公司,盒,2,,,6,厦门鹭燕大药房有限公司,2023/9/28 16:27
27529,复方田七胃痛胶囊,,0.5g*10粒*2板,桂林三金药业股份有限公司,盒,2,,,6,厦门鹭燕大药房有限公司,2022/10/19 10:48
1997,罗红霉素分散片,严迪,75mg*12片,哈药集团制药六厂,盒,2,,,6,厦门鹭燕大药房有限公司,2022/10/19 10:48
1998,小儿氨酚黄那敏颗粒,护彤,(0.125g:5mg:0.5mg)*12袋,哈药集团制药六厂,盒,2,,,6,厦门鹭燕大药房有限公司,2022/10/19 10:48
2469,麻仁丸,,30g,湖北诺得胜制药有限公司,瓶,2,,,6,厦门鹭燕大药房有限公司,2022/10/19 10:48
5973,复方片仔癀含片,,0.5g*24片,漳州片仔癀药业股份有限公司,盒,2,,,6,厦门鹭燕大药房有限公司,2022/10/19 10:48
5983,茵胆平肝胶囊,,0.5g*20粒,漳州片仔癀药业股份有限公司,盒,2,,,6,厦门鹭燕大药房有限公司,2022/10/19 10:48
285094,复方银翘氨敏胶囊,,24粒,四川恩威制药有限公司,盒,2,,,6,厦门鹭燕大药房有限公司,2022/10/19 10:48
82055,复方氨酚烷胺片,力克舒,复方*24片,四川恩威制药有限公司,盒,2,,,6,厦门鹭燕大药房有限公司,2022/10/19 10:48
5022,洁尔阴洗液,,280ml,四川恩威制药有限公司,瓶,2,,,6,厦门鹭燕大药房有限公司,2022/10/19 10:48
5024,洁尔阴洗液(附冲洗器),,300ml,四川恩威制药有限公司,瓶,2,,,6,厦门鹭燕大药房有限公司,2022/10/19 10:48
78992,小儿氨酚黄那敏颗粒,,"24袋(对乙酰氨基酚0.125g, 人工牛黄5mg， 马来酸氯苯那敏0.5mg) ",四川恩威制药有限公司,盒,2,,,6,厦门鹭燕大药房有限公司,2022/10/19 10:48
79014,金栀洁龈含漱液,,200ml,四川恩威制药有限公司,瓶,2,,,6,厦门鹭燕大药房有限公司,2022/10/19 10:48
5019,洁尔阴洗液,,160ml,四川恩威制药有限公司,瓶,2,,,6,厦门鹭燕大药房有限公司,2022/10/19 10:48
230286,抗病毒颗粒,,9g*20袋,四川光大制药有限公司,盒,2,,,6,厦门鹭燕大药房有限公司,2022/10/19 10:48
355848,布地奈德福莫特罗吸入粉雾剂（II）,信必可都保,60吸*（160ug/4.5ug）/支,AstraZeneca AB 瑞典阿斯利康,盒,1,,,6,厦门鹭燕大药房有限公司,2022/10/19 10:48
324,非诺贝特胶囊,力平之,200mg*10粒,RECIPHARM FONTAINE 法国利博福尼,盒,2,,,6,厦门鹭燕大药房有限公司,2022/10/19 10:48
37304,盐酸苯环壬酯片,飞赛乐,2mg*6片,北京华素制药股份有限公司,盒,2,,,6,厦门鹭燕大药房有限公司,2022/10/19 10:48
147911,富马酸比索洛尔片,博苏,5mg*9片*2板/袋,北京华素制药股份有限公司,袋,2,,,6,厦门鹭燕大药房有限公司,2022/10/19 10:48
37306,西地碘含片,华素片,1.5mg*30片,北京华素制药股份有限公司,盒,2,,,6,厦门鹭燕大药房有限公司,2022/10/19 10:48
597,西地碘含片,华素,1.5mg*15片,北京华素制药股份有限公司,盒,2,,,6,厦门鹭燕大药房有限公司,2022/10/19 10:48
514,联苯苄唑乳膏,美克,1%/10g,拜耳医药保健有限公司,支,2,,,6,厦门鹭燕大药房有限公司,2023/3/30 19:29
507,阿卡波糖片,拜唐苹,50mg*30片,拜耳医药保健有限公司,盒,2,,,6,厦门鹭燕大药房有限公司,2022/10/19 10:48
4890,硫酸氢氯吡格雷片,泰嘉,25mg*20片,深圳信立泰药业股份有限公司,瓶,2,,,6,厦门鹭燕大药房有限公司,2022/10/19 10:48
41596,阿利沙坦酯片,信立坦,240mg*7片,深圳信立泰药业股份有限公司,盒,2,,,6,厦门鹭燕大药房有限公司,2022/10/19 10:48
494905,头孢拉定胶囊,,0.25g(按C16H19N3O4S计)*36粒,石药集团中诺药业(石家庄)有限公司,盒,2,,,6,厦门鹭燕大药房有限公司,2023/8/31 11:31
486865,头孢克肟胶囊,,100mg(按C16H15N507S2计)*8粒,石药集团中诺药业(石家庄)有限公司,盒,2,,,6,厦门鹭燕大药房有限公司,2023/6/30 15:43
4975,阿莫西林胶囊,,0.25g*24粒,石药集团中诺药业(石家庄)有限公司,盒,2,,,6,厦门鹭燕大药房有限公司,2023/9/28 16:21
3665,复方门冬维甘滴眼液,新乐敦,13ml,曼秀雷敦(中国)药业有限公司,支,2,,,6,厦门鹭燕大药房有限公司,2022/10/19 10:48
36584,复方薄荷脑鼻用吸入剂,良抒,0.675g,曼秀雷敦(中国)药业有限公司,支,2,,,6,厦门鹭燕大药房有限公司,2022/10/19 10:48
3664,复方磺胺甲噁唑钠滴眼液,乐敦康,15ml,曼秀雷敦(中国)药业有限公司,瓶,2,,,6,厦门鹭燕大药房有限公司,2023/9/28 11:17
82959,复方薄荷脑软膏,曼秀雷敦栢可,28g(复方),曼秀雷敦(中国)药业有限公司,盒,2,,,6,厦门鹭燕大药房有限公司,2022/10/19 10:48
82898,复方牛磺酸滴眼液,小乐敦,15ml(包装:聚酯瓶 每瓶13ml),曼秀雷敦(中国)药业有限公司,瓶,2,,,6,厦门鹭燕大药房有限公司,2022/10/19 10:48
36587,复方氯化钠滴眼液(Ⅱ),乐敦清,13ml,曼秀雷敦(中国)药业有限公司,盒,2,,,6,厦门鹭燕大药房有限公司,2022/10/19 10:48
28039,复方薄荷脑软膏,曼秀雷敦栢可,10g,曼秀雷敦(中国)药业有限公司,盒,2,,,6,厦门鹭燕大药房有限公司,2022/10/19 10:48
85717,大山楂丸,,9g*10丸/袋,天津天士力(辽宁)制药有限责任公司,袋,2,,,6,厦门鹭燕大药房有限公司,2022/10/19 10:48
182949,安神补脑液,,10ml*40支,吉林敖东延边药业股份有限公司,盒,2,,,6,厦门鹭燕大药房有限公司,2022/10/19 10:48
402321,脑心舒口服液,,10ml*10支,吉林敖东延边药业股份有限公司,盒,2,,,6,厦门鹭燕大药房有限公司,2023/6/30 15:35
2802,安神补脑液,,10ml*10支,吉林敖东延边药业股份有限公司,盒,2,,,6,厦门鹭燕大药房有限公司,2022/10/19 10:48
2538,四磨汤口服液,,10ml*8支,湖南汉森制药股份有限公司,盒,2,,,6,厦门鹭燕大药房有限公司,2022/10/19 10:48
2831,海昆肾喜胶囊,,0.22g*18粒,吉林省辉南长龙生化药业股份有限公司,盒,2,,,6,厦门鹭燕大药房有限公司,2022/10/19 10:48
3596,安尔碘皮肤消毒剂,,60ml,上海利康消毒高科技有限公司,瓶,2,,,6,厦门鹭燕大药房有限公司,2022/10/19 10:48
51569,龙胆泻肝丸(浓缩丸),,240丸(每8丸相当于总药材3g),兰州佛慈制药股份有限公司,瓶,2,,,6,厦门鹭燕大药房有限公司,2022/10/19 10:48
27378,金嗓子喉片,,2g*12片,广西金嗓子有限责任公司,盒,2,,,6,厦门鹭燕大药房有限公司,2022/10/19 10:48
42429,金嗓子喉片,,2g*16片,广西金嗓子有限责任公司,盒,2,,,6,厦门鹭燕大药房有限公司,2022/10/19 10:48
437462,尿毒清颗粒(无糖型),,5g*15袋,广西玉林制药集团有限责任公司,盒,2,,,6,厦门鹭燕大药房有限公司,2022/10/19 10:48
1586,湿毒清胶囊,,0.5g*30粒,广西玉林制药集团有限责任公司,瓶,2,,,6,厦门鹭燕大药房有限公司,2022/10/19 10:48
1590,正骨水(附喷头),,30ml,广西玉林制药集团有限责任公司,瓶,2,,,6,厦门鹭燕大药房有限公司,2022/10/19 10:48
23780,正骨水,,45ml,广西玉林制药集团有限责任公司,瓶,2,,,6,厦门鹭燕大药房有限公司,2022/10/19 10:48
65372,小柴胡颗粒(无糖),,4g*12袋,广州白云山光华制药股份有限公司,盒,2,,,6,厦门鹭燕大药房有限公司,2023/3/30 19:41
89912,胶体果胶铋胶囊,,50mg*24粒,广州白云山光华制药股份有限公司,盒,2,,,6,厦门鹭燕大药房有限公司,2022/10/19 10:48
1595,苯巴比妥东莨菪碱片,晕动片,30mg：0.2mg*12片,广州白云山光华制药股份有限公司,盒,2,,,6,厦门鹭燕大药房有限公司,2022/10/19 10:48
282943,养阴清肺合剂,,150ml,广州白云山潘高寿药业股份有限公司,瓶,2,,,6,厦门鹭燕大药房有限公司,2022/10/19 10:48
257512,蜜炼川贝枇杷膏,,210g,广州白云山潘高寿药业股份有限公司,瓶,2,,,6,厦门鹭燕大药房有限公司,2022/10/19 10:48
123087,蛇胆川贝液,,10ml*10支,广州白云山潘高寿药业股份有限公司,盒,2,,,6,厦门鹭燕大药房有限公司,2022/10/19 10:48
179417,金喉健喷雾剂,,30ml,贵州宏宇药业有限公司,瓶,2,,,6,厦门鹭燕大药房有限公司,2022/10/19 10:48
450444,维生素D滴剂,,每粒含维生素D3 400单位*72粒,国药控股星鲨制药(厦门)有限公司,盒,2,,,6,厦门鹭燕大药房有限公司,2022/11/8 16:15
237494,维生素E软胶囊,,0.1g天然型*30粒,国药控股星鲨制药(厦门)有限公司,盒,2,,,6,厦门鹭燕大药房有限公司,2022/10/19 10:48
190827,酚氨咖敏片,,复方*12片,国药控股星鲨制药(厦门)有限公司,盒,2,,,6,厦门鹭燕大药房有限公司,2022/10/19 10:48
1928,维生素AD滴剂(一岁以下),娃的福,1500IU:500IU*24粒,国药控股星鲨制药(厦门)有限公司,盒,2,,,6,厦门鹭燕大药房有限公司,2022/10/19 10:48
1926,维生素AD滴剂(一岁以上),娃的福,2000IU:700IU*24粒,国药控股星鲨制药(厦门)有限公司,盒,2,,,6,厦门鹭燕大药房有限公司,2022/10/19 10:48
82190,三维亚铁咀嚼片,,复方*36片,国药控股星鲨制药(厦门)有限公司,盒,2,,,6,厦门鹭燕大药房有限公司,2022/10/19 10:48
303852,维生素D滴剂,,400IU*30粒,国药控股星鲨制药(厦门)有限公司,盒,2,,,6,厦门鹭燕大药房有限公司,2022/10/19 10:48
37341,维生素E软胶囊,,0.1g*60粒,国药控股星鲨制药(厦门)有限公司,瓶,2,,,6,厦门鹭燕大药房有限公司,2022/10/19 10:48
28286,鱼肝油乳,,200mg/g 500ml,国药控股星鲨制药(厦门)有限公司,瓶,2,,,6,厦门鹭燕大药房有限公司,2022/10/19 10:48
1936,维生素E软胶囊,,50mg*60粒,国药控股星鲨制药(厦门)有限公司,盒,2,,,6,厦门鹭燕大药房有限公司,2022/10/19 10:48
1934,维生素E软胶囊,,0.1g*30粒,国药控股星鲨制药(厦门)有限公司,盒,2,,,6,厦门鹭燕大药房有限公司,2022/10/19 10:48
1931,维生素A软胶囊,,25000IU*100粒,国药控股星鲨制药(厦门)有限公司,瓶,2,,,6,厦门鹭燕大药房有限公司,2022/10/19 10:48
1925,三维鱼肝油乳,,500g,国药控股星鲨制药(厦门)有限公司,瓶,2,,,6,厦门鹭燕大药房有限公司,2022/10/19 10:48
1919,酚氨咖敏片,扑感敏,24片*5板,国药控股星鲨制药(厦门)有限公司,盒,2,,,6,厦门鹭燕大药房有限公司,2022/10/19 10:48
67892,保妇康栓,,1.74g*14粒,海南碧凯药业有限公司,盒,2,,,6,厦门鹭燕大药房有限公司,2022/10/19 10:48
440865,胃复春胶囊,,每粒装0.35g*36粒,杭州胡庆余堂药业有限公司,盒,2,,,6,厦门鹭燕大药房有限公司,2023/9/28 16:23
156691,新复方芦荟胶囊,,0.43g*30粒,河北万邦复临药业有限公司,盒,2,,,6,厦门鹭燕大药房有限公司,2022/10/19 10:48
72954,碳酸钙D3片,钙尔奇D600,600mg*100片,惠氏制药有限公司,瓶,1,,,6,厦门鹭燕大药房有限公司,2022/10/19 10:48
274509,多维元素片(29-Ⅱ)(曾用名:善存银片),,复方100片,惠氏制药有限公司,瓶,1,,,6,厦门鹭燕大药房有限公司,2022/10/19 10:48
70139,碳酸钙D3片,钙尔奇D600,600mg*36片,惠氏制药有限公司,瓶,2,,,6,厦门鹭燕大药房有限公司,2022/10/19 10:48
36675,碳酸钙D3咀嚼片(II),,300mg*100片,惠氏制药有限公司,瓶,1,,,6,厦门鹭燕大药房有限公司,2022/10/19 10:48
2777,碳酸钙D3片,钙尔奇D600,600mg*60片,惠氏制药有限公司,瓶,2,,,6,厦门鹭燕大药房有限公司,2022/10/19 10:48
2771,多维元素片(29),善存,60片,惠氏制药有限公司,盒,1,,,6,厦门鹭燕大药房有限公司,2022/10/19 10:48
2770,多维元素片(29),善存,30片,惠氏制药有限公司,盒,2,,,6,厦门鹭燕大药房有限公司,2022/10/19 10:48
64763,胃苏颗粒,,15g*9袋,扬子江药业集团江苏制药股份有限公司,盒,2,,,6,厦门鹭燕大药房有限公司,2022/10/19 10:48
28029,复方芦丁片,,20mg:50mg*100片,临汾宝珠制药有限公司,瓶,2,,,6,厦门鹭燕大药房有限公司,2022/10/19 10:48
36782,曲安奈德益康唑乳膏,,20g(1克：曲安奈德1毫克与硝酸益康唑10毫克),华润三九(南昌)药业有限公司,支,2,,,6,厦门鹭燕大药房有限公司,2022/10/19 10:48
36780,糠酸莫米松凝胶,,0.1%*10g,华润三九(南昌)药业有限公司,支,2,,,6,厦门鹭燕大药房有限公司,2022/10/19 10:48
2669,强力枇杷露,,120ml,华润三九(南昌)药业有限公司,瓶,2,,,6,厦门鹭燕大药房有限公司,2023/10/16 10:48
2676,三九胃泰颗粒,,20g*6袋,华润三九医药股份有限公司,盒,2,,,6,厦门鹭燕大药房有限公司,2022/10/19 10:48
2678,正天丸,,6g*10袋,华润三九医药股份有限公司,盒,2,,,6,厦门鹭燕大药房有限公司,2022/10/19 10:48
2672,感冒灵胶囊,三九,0.5g*12粒,华润三九医药股份有限公司,盒,2,,,6,厦门鹭燕大药房有限公司,2022/10/19 10:48
2671,复方醋酸地塞米松乳膏,三九皮炎平,20g,华润三九医药股份有限公司,支,2,,,6,厦门鹭燕大药房有限公司,2023/10/31 16:05
216749,齿痛消炎灵颗粒,,10g(无蔗糖)*6袋,河南中杰药业有限公司,盒,2,,,6,厦门鹭燕大药房有限公司,2022/10/19 10:48
3375,复方草珊瑚含片,,0.44g*48片,江中药业股份有限公司,盒,2,,,6,厦门鹭燕大药房有限公司,2022/10/19 10:48
34330,乳酸菌素片,,0.4g*32片,江中药业股份有限公司,盒,2,,,6,厦门鹭燕大药房有限公司,2022/10/19 10:48
3377,健胃消食片,,0.8g*32片,江中药业股份有限公司,盒,2,,,6,厦门鹭燕大药房有限公司,2022/10/19 10:48
471332,乳酸菌素片,,8板*8片*(按乳酸菌素计0.4克),江中药业股份有限公司,盒,2,,,6,厦门鹭燕大药房有限公司,2023/9/28 11:24
85679,健胃消食片,,0.8g*32片(无糖型),江中药业股份有限公司,盒,2,,,6,厦门鹭燕大药房有限公司,2022/10/19 10:48
3378,健胃消食片,,0.5g*36片,江中药业股份有限公司,盒,2,,,6,厦门鹭燕大药房有限公司,2022/10/19 10:48
3376,复方草珊瑚含片,,1.0g*24片,江中药业股份有限公司,盒,2,,,6,厦门鹭燕大药房有限公司,2022/10/19 10:48
82475,天麻素片,,25mg*24片,上海现代哈森（商丘）药业有限公司,盒,2,,,6,厦门鹭燕大药房有限公司,2022/10/19 10:48
26918,盐酸二甲双胍片,美迪康,0.25g*48片,深圳市中联制药有限公司,盒,2,,,6,厦门鹭燕大药房有限公司,2022/10/19 10:48
469412,医用棉签,,灭菌级 10cm*50只,南昌卫材医疗器械有限公司,包,2,,,6,厦门鹭燕大药房有限公司,2023/2/24 8:39
5683,秋水仙碱片,,0.5mg*20片,西双版纳版纳药业有限责任公司,盒,2,,,6,厦门鹭燕大药房有限公司,2022/10/19 10:48
5226,藿香正气口服液,,10ml*10支,太极集团重庆涪陵制药厂有限公司,盒,2,,,6,厦门鹭燕大药房有限公司,2022/10/19 10:48
443779,急支糖浆,,180ml(每1毫升相当于饮片0.66克),太极集团重庆涪陵制药厂有限公司,瓶,2,,,6,厦门鹭燕大药房有限公司,2022/10/19 10:48
53459,糠酸莫米松鼻喷雾剂,,"每瓶60揿,每揿含糠酸莫米松50ug,药液浓度为0.05%(g/g)",浙江仙琚制药股份有限公司,瓶,2,,,6,厦门鹭燕大药房有限公司,2022/10/19 10:48
6190,醋酸泼尼松片,,5mg*100片,浙江仙琚制药股份有限公司,瓶,2,,,6,厦门鹭燕大药房有限公司,2022/10/19 10:48
6186,醋酸地塞米松片,,0.75mg*100片,浙江仙琚制药股份有限公司,瓶,2,,,6,厦门鹭燕大药房有限公司,2022/10/19 10:48
5988,复方倍氯米松樟脑乳膏,无极膏,10g,漳州无极药业有限公司,支,2,,,6,厦门鹭燕大药房有限公司,2022/10/19 10:48
35987,丁硼乳膏,,65克,漳州无极药业有限公司,支,2,,,6,厦门鹭燕大药房有限公司,2022/10/19 10:48
235191,烧烫伤膏,,40g,长春海外制药集团有限公司,盒,2,,,6,厦门鹭燕大药房有限公司,2023/2/24 8:34
281871,妇科千金片,,18片*7板,株洲千金药业股份有限公司,盒,2,,,6,厦门鹭燕大药房有限公司,2022/10/19 10:48
26343,加味逍遥丸,,6g*10袋,株洲千金药业股份有限公司,盒,2,,,6,厦门鹭燕大药房有限公司,2022/10/19 10:48
8129,妇科千金胶囊,,0.4g*36粒,株洲千金药业股份有限公司,盒,2,,,6,厦门鹭燕大药房有限公司,2022/10/19 10:48
6445,益母颗粒,,14g*10袋,株洲千金药业股份有限公司,盒,2,,,6,厦门鹭燕大药房有限公司,2022/10/19 10:48
392673,恩替卡韦片,博路定,0.5mg*28片,中美上海施贵宝制药有限公司,盒,1,,,6,厦门鹭燕大药房有限公司,2023/2/24 8:36
6297,恩替卡韦片,博路定,0.5mg*7片,中美上海施贵宝制药有限公司,盒,1,,,6,厦门鹭燕大药房有限公司,2022/10/19 10:48
6306,盐酸二甲双胍片,格华止,0.5g*20片,中美上海施贵宝制药有限公司,盒,2,,,6,厦门鹭燕大药房有限公司,2022/10/19 10:48
13,肠内营养粉剂(TP),安素,400g,Abbott Laboratories B.V.荷兰雅培,听,1,,,6,厦门鹭燕大药房有限公司,2022/10/19 10:48
68,左甲状腺素钠片,雷替斯,50ug*100片,Berlin-Chemie AG德国柏林化学,盒,2,,,6,厦门鹭燕大药房有限公司,2023/6/30 15:29
105602,甲硝唑口颊片,,3mg*20片,远大医药(中国)有限公司,盒,2,,,6,厦门鹭燕大药房有限公司,2022/10/19 10:48
5573,阿昔洛韦滴眼液,,8ml:8mg,武汉五景药业有限公司,瓶,2,,,6,厦门鹭燕大药房有限公司,2023/9/28 16:25
86927,珍珠明目滴眼液,,15ml,武汉五景药业有限公司,支,2,,,6,厦门鹭燕大药房有限公司,2022/10/19 10:48
5574,吡诺克辛钠滴眼液,,15ml:0.8mg,武汉五景药业有限公司,支,2,,,6,厦门鹭燕大药房有限公司,2022/10/19 10:48
6289,氧氟沙星滴耳液,,5ml:15mg,郑州卓峰制药有限公司,盒,2,,,6,厦门鹭燕大药房有限公司,2022/10/19 10:48
45,吸入用布地奈德混悬液,普米克令舒,2ml:1mg*5支,AstraZeneca Pty Ltd.澳大利亚阿斯利康,袋,1,,,6,厦门鹭燕大药房有限公司,2022/10/19 10:48
27494,斧标驱风油,,56ml,梁介福(广东)药业有限公司,瓶,2,,,6,厦门鹭燕大药房有限公司,2022/10/19 10:48
27493,斧标驱风油,,14ml,梁介福(广东)药业有限公司,瓶,2,,,6,厦门鹭燕大药房有限公司,2022/10/19 10:48
27492,斧标驱风油,,10ml,梁介福(广东)药业有限公司,瓶,2,,,6,厦门鹭燕大药房有限公司,2022/10/19 10:48
3599,斧标驱风油,,3ml,梁介福(广东)药业有限公司,瓶,2,,,6,厦门鹭燕大药房有限公司,2022/10/19 10:48
3598,斧标驱风油,,28ml,梁介福(广东)药业有限公司,瓶,2,,,6,厦门鹭燕大药房有限公司,2022/10/19 10:48
3600,斧标正红花油,,35ml,梁介福(广东)药业有限公司,瓶,2,,,6,厦门鹭燕大药房有限公司,2022/10/19 10:48
2585,氟轻松维B6乳膏,,30g:0.3mg:45mg,湖南天龙制药有限公司,支,2,,,6,厦门鹭燕大药房有限公司,2022/10/19 10:48
174647,红霉素软膏,,15g1%,江西德成制药有限公司,支,2,,,6,厦门鹭燕大药房有限公司,2022/10/19 10:48
157110,甲硝唑氯己定洗剂,,300ml,江苏晨牌邦德药业有限公司,盒,2,,,6,厦门鹭燕大药房有限公司,2023/2/24 8:33
2665,小儿氨酚黄那敏颗粒(甜橙味),,6g*10袋,华润三九(北京)药业有限公司,盒,2,,,6,厦门鹭燕大药房有限公司,2023/9/28 11:17
2347,双黄连口服液(浓缩型),,10ml*10支,河南太龙药业股份有限公司,盒,2,,,6,厦门鹭燕大药房有限公司,2022/10/19 10:48
2346,双黄连口服液,,20ml*10支,河南太龙药业股份有限公司,盒,2,,,6,厦门鹭燕大药房有限公司,2022/10/19 10:48
2344,双黄连口服液,,10ml*10支,河南太龙药业股份有限公司,盒,2,,,6,厦门鹭燕大药房有限公司,2022/10/19 10:48
468778,萘敏维滴眼液,,0.4ml*10支装,山东博士伦福瑞达制药有限公司,盒,2,,,6,厦门鹭燕大药房有限公司,2023/2/24 8:39
42360,复方硫酸软骨素滴眼液,润洁,15ml,山东博士伦福瑞达制药有限公司,瓶,2,,,6,厦门鹭燕大药房有限公司,2022/10/19 10:48
83145,萘敏维滴眼液,红润洁,15ml,山东博士伦福瑞达制药有限公司,支,2,,,6,厦门鹭燕大药房有限公司,2022/10/19 10:48
378227,盐酸左氧氟沙星滴眼液,,0.3%（0.4ml：1.2mg）以左氧氟沙星计*10支,山东博士伦福瑞达制药有限公司,盒,2,,,6,厦门鹭燕大药房有限公司,2022/10/19 10:48
4089,硫酸锌尿囊素滴眼液,,8ml,山东博士伦福瑞达制药有限公司,支,2,,,6,厦门鹭燕大药房有限公司,2022/10/19 10:48
6908,玻璃酸钠滴眼液,,0.8ml:0.8mg（0.1%）*10支,山东博士伦福瑞达制药有限公司,盒,2,,,6,厦门鹭燕大药房有限公司,2022/10/19 10:48
4090,氯化钠滴眼液,白润洁(日剂量装),0.4ml:2.2mg*10支,山东博士伦福瑞达制药有限公司,盒,2,,,6,厦门鹭燕大药房有限公司,2022/10/19 10:48
178447,氯霉素滴眼液,润舒,10ml:25mg,山东博士伦福瑞达制药有限公司,支,2,,,6,厦门鹭燕大药房有限公司,2022/10/19 10:48
92089,氧氟沙星滴眼液,,8ml:24mg,山东博士伦福瑞达制药有限公司,支,2,,,6,厦门鹭燕大药房有限公司,2022/10/19 10:48
4098,盐酸左氧氟沙星滴眼液(含玻璃酸钠),海伦,5ml:15mg,山东博士伦福瑞达制药有限公司,支,2,,,6,厦门鹭燕大药房有限公司,2022/10/19 10:48
4095,萘敏维滴眼液,红润洁,10ml,山东博士伦福瑞达制药有限公司,支,2,,,6,厦门鹭燕大药房有限公司,2022/10/19 10:48
4093,萘非滴眼液,黄润洁,10ml:2.5mg:30mg,山东博士伦福瑞达制药有限公司,支,2,,,6,厦门鹭燕大药房有限公司,2022/10/19 10:48
4085,复方新斯的明牛磺酸滴眼液,,10ml,山东博士伦福瑞达制药有限公司,支,2,,,6,厦门鹭燕大药房有限公司,2022/10/19 10:48
4083,复方硫酸软骨素滴眼液,蓝润洁,10ml,山东博士伦福瑞达制药有限公司,瓶,2,,,6,厦门鹭燕大药房有限公司,2022/10/19 10:48
4801,清凉油,龙虎牌,3g,上海中华药业有限公司,盒,2,,,6,厦门鹭燕大药房有限公司,2022/10/19 10:48
4802,清凉油(白色),,18.4g,上海中华药业有限公司,盒,2,,,6,厦门鹭燕大药房有限公司,2022/10/19 10:48
99230,龙虎人丹,,0.04g*100粒,上海中华药业有限公司,盒,2,,,6,厦门鹭燕大药房有限公司,2022/10/19 10:48
6491,龙虎人丹,,0.04g*30丸,上海中华药业有限公司,袋,2,,,6,厦门鹭燕大药房有限公司,2022/10/19 10:48
2204,丹皮酚软膏,,15g,合肥立方制药股份有限公司,支,2,,,6,厦门鹭燕大药房有限公司,2022/10/19 10:48
134507,复方氢溴酸右美沙芬糖浆,,120ml,湖北凤凰白云山药业有限公司,瓶,2,,,6,厦门鹭燕大药房有限公司,2022/10/19 10:48
27914,色甘酸钠滴眼液,,8ml:0.16g,湖北潜江制药股份有限公司,支,2,,,6,厦门鹭燕大药房有限公司,2022/10/19 10:48
3579,盐酸伐昔洛韦片,丽珠威,0.3g*6片,丽珠集团丽珠制药厂,盒,2,,,6,厦门鹭燕大药房有限公司,2022/10/19 10:48
79870,枸橼酸铋钾片,丽珠得乐,0.3g*40片,丽珠集团丽珠制药厂,盒,2,,,6,厦门鹭燕大药房有限公司,2022/10/19 10:48
34447,盐酸西替利嗪片,仙利特,10mg*7片,丽珠集团丽珠制药厂,盒,2,,,6,厦门鹭燕大药房有限公司,2022/10/19 10:48
27936,枸橼酸铋钾胶囊,丽珠得乐,0.3g*20粒,丽珠集团丽珠制药厂,盒,2,,,6,厦门鹭燕大药房有限公司,2022/10/19 10:48
38530,金银花露(含糖),,300ml,湖北午时药业股份有限公司,瓶,2,,,6,厦门鹭燕大药房有限公司,2022/10/19 10:48
324606,葡萄糖酸钙锌口服溶液,,10ml*30支(葡萄糖酸钙0.6g、葡萄糖酸锌0.03g与盐酸赖氨酸0.1g),湖北午时药业股份有限公司,盒,2,,,6,厦门鹭燕大药房有限公司,2022/10/19 10:48
2506,聚乙烯醇滴眼液,瑞珠,0.8ml:11.2mg*10支,湖北远大天天明制药有限公司,盒,2,,,6,厦门鹭燕大药房有限公司,2022/10/19 10:48
271986,盐酸左氧氟沙星眼用凝胶,,5g:0.015g,湖北远大天天明制药有限公司,支,2,,,6,厦门鹭燕大药房有限公司,2022/10/19 10:48
14124,吡诺克辛钠滴眼液,,15ml:0.8mg,湖北远大天天明制药有限公司,支,2,,,6,厦门鹭燕大药房有限公司,2022/10/19 10:48
476373,二丁颗粒,,每袋装20g*10袋,吉林长白山药业集团股份有限公司,盒,2,,,6,厦门鹭燕大药房有限公司,2023/3/24 8:27
27322,参术儿康糖浆,,10ml*10支,吉林长白山药业集团股份有限公司,盒,1,,,6,厦门鹭燕大药房有限公司,2023/9/28 11:16
107947,强力枇杷露,,150ml,江西药都樟树制药有限公司,瓶,2,,,6,厦门鹭燕大药房有限公司,2022/10/19 10:48
42038,大活络丸,,3g*8袋,江西药都樟树制药有限公司,盒,2,,,6,厦门鹭燕大药房有限公司,2022/10/19 10:48
266165,护肝片,,糖衣0.35g*200片,黑龙江葵花药业股份有限公司,瓶,2,,,6,厦门鹭燕大药房有限公司,2023/6/30 15:33
47020,小儿肺热咳喘口服液,,10ml*8支,黑龙江葵花药业股份有限公司,盒,2,,,6,厦门鹭燕大药房有限公司,2022/10/19 10:48
38046,胃康灵胶囊,,0.4g*48粒,黑龙江葵花药业股份有限公司,盒,2,,,6,厦门鹭燕大药房有限公司,2022/10/19 10:48
27678,熊胆痔灵栓,,每粒重2g*6粒,黑龙江葵花药业股份有限公司,盒,2,,,6,厦门鹭燕大药房有限公司,2022/10/19 10:48
2404,小儿肺热咳喘颗粒,,3g*6袋,黑龙江葵花药业股份有限公司,盒,2,,,6,厦门鹭燕大药房有限公司,2022/10/19 10:48
2403,胃康灵胶囊,,0.4g*24粒,黑龙江葵花药业股份有限公司,盒,2,,,6,厦门鹭燕大药房有限公司,2022/10/19 10:48
2401,护肝片,,0.35g*100片,黑龙江葵花药业股份有限公司,瓶,2,,,6,厦门鹭燕大药房有限公司,2022/10/19 10:48
430013,利伐沙班片,,10mg*20片,齐鲁制药有限公司,盒,2,,,6,厦门鹭燕大药房有限公司,2023/9/28 11:23
447773,枸橼酸西地那非片,,按C22H30N6O4S计 100mg*1片/盒,齐鲁制药有限公司,盒,2,,,6,厦门鹭燕大药房有限公司,2023/6/30 15:40
23354,艾地苯醌片,申维,30mg*12片,齐鲁制药有限公司,盒,1,,,6,厦门鹭燕大药房有限公司,2022/10/19 10:48
3907,开塞露,,20ml,青岛华仁太医药业有限公司,支,20,,,6,厦门鹭燕大药房有限公司,2022/10/19 10:48
4263,多潘立酮片,,10mg*30片,山西宝泰药业有限责任公司,盒,2,,,6,厦门鹭燕大药房有限公司,2022/10/19 10:48
42409,多烯磷脂酰胆碱胶囊,易善复,228mg*36粒,赛诺菲(北京)制药有限公司,盒,2,,,6,厦门鹭燕大药房有限公司,2022/10/19 10:48
78622,格列美脲片,亚莫利,2mg*15片,赛诺菲(北京)制药有限公司,盒,2,,,6,厦门鹭燕大药房有限公司,2022/10/19 10:48
282879,玉叶解毒颗粒,,12g*16袋,三金集团湖南三金制药有限责任公司,盒,2,,,6,厦门鹭燕大药房有限公司,2022/10/19 10:48
341042,复方樟薄软膏,,19.4g,厦门虎标医药有限公司,瓶,2,,,6,厦门鹭燕大药房有限公司,2022/10/19 10:48
341043,复方樟薄软膏,,4g,厦门虎标医药有限公司,盒,2,,,6,厦门鹭燕大药房有限公司,2022/10/19 10:48
4043,头孢克肟胶囊,,0.1g*12粒,金日制药(中国)有限公司,盒,2,,,6,厦门鹭燕大药房有限公司,2023/6/30 15:30
4045,头孢拉定胶囊,,0.25g*24粒,金日制药(中国)有限公司,盒,2,,,6,厦门鹭燕大药房有限公司,2022/10/19 10:48
412500,丁苯酞软胶囊,恩必普,0.1g*60粒*1瓶,石药集团恩必普药业有限公司,盒,1,,,6,厦门鹭燕大药房有限公司,2023/2/24 8:37
74410,复方石韦胶囊,,0.45g*12粒*3板,陕西步长高新制药有限公司,盒,2,,,6,厦门鹭燕大药房有限公司,2022/10/19 10:48
36544,异维A酸软胶囊,泰尔丝,10mg*20粒,上海信谊延安药业有限公司,盒,2,,,6,厦门鹭燕大药房有限公司,2023/9/28 11:18
108707,胃乐宁片,,0.13g*60片,南京老山药业股份有限公司,盒,2,,,6,厦门鹭燕大药房有限公司,2022/10/19 10:48
5681,复方对乙酰氨基酚片(Ⅱ),散列通,10片,西南药业股份有限公司,盒,2,,,6,厦门鹭燕大药房有限公司,2022/10/19 10:48
94505,丁桂儿脐贴,,1.6g*5贴,亚宝药业集团股份有限公司,盒,2,,,6,厦门鹭燕大药房有限公司,2022/10/19 10:48
5787,珍菊降压片,,60片,亚宝药业集团股份有限公司,盒,2,,,6,厦门鹭燕大药房有限公司,2022/10/19 10:48
5821,铝镁加混悬液,安达,15ml:1.5g*12袋,扬州一洋制药有限公司,盒,2,,,6,厦门鹭燕大药房有限公司,2022/10/19 10:48
294320,珍珠明目滴眼液(胶体溶液),,13ml,苏州工业园区天龙制药有限公司,盒,2,,,6,厦门鹭燕大药房有限公司,2022/10/19 10:48
5200,珍珠明目滴眼液,,8ml,苏州工业园区天龙制药有限公司,瓶,2,,,6,厦门鹭燕大药房有限公司,2022/10/19 10:48
35880,蒙脱石散,,3g*12袋,浙江康恩贝制药股份有限公司,盒,2,,,6,厦门鹭燕大药房有限公司,2023/6/30 15:30
35881,普乐安片,,0.57g(含油菜花粉0.5g)*150片,浙江康恩贝制药股份有限公司,瓶,2,,,6,厦门鹭燕大药房有限公司,2022/10/19 10:48
5313,盐酸地尔硫卓缓释胶囊(Ⅱ),合贝爽,90mg*10粒,天津田边制药有限公司,盒,2,,,6,厦门鹭燕大药房有限公司,2022/10/19 10:48
27452,壮腰健肾丸,,5.6g*10丸,广州白云山陈李济药厂有限公司,盒,2,,,6,厦门鹭燕大药房有限公司,2022/10/19 10:48
27451,补脾益肠丸,,72g,广州白云山陈李济药厂有限公司,瓶,2,,,6,厦门鹭燕大药房有限公司,2022/10/19 10:48
229271,清喉利咽颗粒,,5g*18袋(无蔗糖),桂龙药业(安徽)有限公司,盒,2,,,6,厦门鹭燕大药房有限公司,2022/10/19 10:48
28910,清喉利咽颗粒(乳糖型),,5g*18袋,桂龙药业(安徽)有限公司,盒,2,,,6,厦门鹭燕大药房有限公司,2022/10/19 10:48
2024,枫蓼肠胃康颗粒,常为康,8g*6袋,海口市制药厂有限公司,盒,2,,,6,厦门鹭燕大药房有限公司,2022/10/19 10:48
27536,枫蓼肠胃康片,,0.24g*24片,海口市制药厂有限公司,盒,2,,,6,厦门鹭燕大药房有限公司,2022/10/19 10:48
1971,拉西地平片,司乐平,4mg*15片,哈药集团三精明水药业有限公司,盒,2,,,6,厦门鹭燕大药房有限公司,2022/10/19 10:48
354839,氯雷他定片,开瑞坦,10mg*12片,拜耳医药保健有限公司启东分公司,盒,2,,,6,厦门鹭燕大药房有限公司,2022/10/19 10:48
81926,克霉唑阴道片,凯妮汀(OTC),0.5g*1片,拜耳医药保健有限公司启东分公司,盒,2,,,6,厦门鹭燕大药房有限公司,2023/10/31 16:05
27653,京制牛黄解毒片,,0.6g*8片*10瓶,北京同仁堂科技发展股份有限公司制药厂,盒,2,,,6,厦门鹭燕大药房有限公司,2022/10/19 10:48
37157,小儿咽扁颗粒,,8g*10袋,北京同仁堂科技发展股份有限公司制药厂,盒,2,,,6,厦门鹭燕大药房有限公司,2022/10/19 10:48
699,知柏地黄丸,,20g/100粒*360粒,北京同仁堂科技发展股份有限公司制药厂,瓶,2,,,6,厦门鹭燕大药房有限公司,2022/10/19 10:48
690,金匮肾气丸,,360丸,北京同仁堂科技发展股份有限公司制药厂,瓶,2,,,6,厦门鹭燕大药房有限公司,2022/10/19 10:48
694,六味地黄丸,,360丸:72g,北京同仁堂科技发展股份有限公司制药厂,瓶,2,,,6,厦门鹭燕大药房有限公司,2022/10/19 10:48
689,加味逍遥丸,,6g*10袋,北京同仁堂科技发展股份有限公司制药厂,盒,2,,,6,厦门鹭燕大药房有限公司,2023/9/28 11:17
688,藿香正气水,,10ml*6支,北京同仁堂科技发展股份有限公司制药厂,盒,2,,,6,厦门鹭燕大药房有限公司,2023/9/28 11:17
695,牛黄解毒片,,0.27g*10片*12板,北京同仁堂科技发展股份有限公司制药厂,盒,2,,,6,厦门鹭燕大药房有限公司,2023/9/28 16:27
73096,京制牛黄解毒片,,0.62g*12片,北京同仁堂科技发展股份有限公司制药厂,瓶,2,,,6,厦门鹭燕大药房有限公司,2022/10/19 10:48
37088,牛黄解毒丸,,3g*10丸,北京同仁堂科技发展股份有限公司制药厂,盒,2,,,6,厦门鹭燕大药房有限公司,2022/10/19 10:48
31483,仁丹,,30粒,北京同仁堂科技发展股份有限公司制药厂,袋,2,,,6,厦门鹭燕大药房有限公司,2022/10/19 10:48
27652,跌打丸,,3g*6丸,北京同仁堂科技发展股份有限公司制药厂,盒,2,,,6,厦门鹭燕大药房有限公司,2022/10/19 10:48
693,六味地黄丸,,1.44g/8丸*120丸,北京同仁堂科技发展股份有限公司制药厂,瓶,2,,,6,厦门鹭燕大药房有限公司,2022/10/19 10:48
1235,复合维生素B片,,100片,福州海王福药制药有限公司,瓶,2,,,6,厦门鹭燕大药房有限公司,2022/10/19 10:48
14187,碳酸氢钠片,,0.5g*100片,福州海王福药制药有限公司,瓶,2,,,6,厦门鹭燕大药房有限公司,2022/10/19 10:48
86367,口服补液盐散(Ⅰ),,14.75g,福州海王福药制药有限公司,袋,2,,,6,厦门鹭燕大药房有限公司,2022/10/19 10:48
35173,葡萄糖粉剂,,500g,福州海王福药制药有限公司,袋,2,,,6,厦门鹭燕大药房有限公司,2022/10/19 10:48
1311,三维B片,维乐生,24片,福州海王金象中药制药有限公司,瓶,2,,,6,厦门鹭燕大药房有限公司,2022/10/19 10:48
1307,麻仁丸,,60g,福州海王金象中药制药有限公司,盒,2,,,6,厦门鹭燕大药房有限公司,2022/10/19 10:48
1304,复方愈创木酚磺酸钾口服溶液,,100ml,福州海王金象中药制药有限公司,瓶,2,,,6,厦门鹭燕大药房有限公司,2022/10/19 10:48
410156,感冒灵颗粒,,10g*9袋,惠州市九惠制药股份有限公司,盒,2,,,6,厦门鹭燕大药房有限公司,2022/10/19 10:48
266081,小儿消积止咳口服液,,10ml*10支,鲁南厚普制药有限公司,盒,2,,,6,厦门鹭燕大药房有限公司,2022/10/19 10:48
390548,阿莫西林颗粒,,按C16H19N305S计0.125g*24包,山东鲁抗医药股份有限公司,盒,2,,,6,厦门鹭燕大药房有限公司,2023/9/28 16:21
358416,阿托伐他汀钙片,,以C33H35FN2O5计 20mg*14片,齐鲁制药(海南)有限公司,盒,2,,,6,厦门鹭燕大药房有限公司,2023/6/30 15:34
91260,雷贝拉唑钠肠溶片,,10mg*18片,山东新华制药股份有限公司,盒,2,,,6,厦门鹭燕大药房有限公司,2022/10/19 10:48
493755,鼻渊通窍颗粒,,6g*6袋(无蔗糖)(每袋相当于饮片8.4g),山东新时代药业有限公司,盒,2,,,6,厦门鹭燕大药房有限公司,2023/9/28 11:25
397651,荆防颗粒,,15g*6袋,山东新时代药业有限公司,盒,2,,,6,厦门鹭燕大药房有限公司,2023/3/30 23:04
5663,硝酸咪康唑乳膏,,2%*20g,西安杨森制药有限公司,支,2,,,6,厦门鹭燕大药房有限公司,2022/10/19 10:48
5655,曲安奈德益康唑乳膏,派瑞松,（10mg：1.0mg）15g,西安杨森制药有限公司,支,2,,,6,厦门鹭燕大药房有限公司,2022/10/19 10:48
36729,酮康唑乳膏,,15g（10g：0.2g),西安杨森制药有限公司,支,2,,,6,厦门鹭燕大药房有限公司,2022/10/19 10:48
5645,多潘立酮片,吗丁啉,10mg*42片,西安杨森制药有限公司,盒,2,,,6,厦门鹭燕大药房有限公司,2022/10/19 10:48
5669,盐酸洛哌丁胺胶囊,易蒙停,2mg*6粒,西安杨森制药有限公司,盒,2,,,6,厦门鹭燕大药房有限公司,2022/10/19 10:48
397201,盐酸氟桂利嗪胶囊,西比灵,5mg(以C26H26F2N2计)*60粒,西安杨森制药有限公司,盒,2,,,6,厦门鹭燕大药房有限公司,2022/10/19 10:48
90971,硝酸咪康唑散,达克宁,40g*2%,西安杨森制药有限公司,盒,2,,,6,厦门鹭燕大药房有限公司,2022/10/19 10:48
5652,氯雷他定片,息斯敏,10mg*6片,西安杨森制药有限公司,盒,2,,,6,厦门鹭燕大药房有限公司,2022/10/19 10:48
5648,复方角菜酸酯栓,太宁,3.4g*6枚,西安杨森制药有限公司,盒,2,,,6,厦门鹭燕大药房有限公司,2022/10/19 10:48
46971,盐酸金霉素眼膏,,0.5% 2g,新乡华青药业有限公司,支,2,,,6,厦门鹭燕大药房有限公司,2022/10/19 10:48
5738,红霉素软膏,,1%*8g,新乡华青药业有限公司,支,2,,,6,厦门鹭燕大药房有限公司,2022/10/19 10:48
475261,尼莫地平片,,20mg*50片,亚宝药业太原制药有限公司,瓶,2,,,6,厦门鹭燕大药房有限公司,2023/4/3 16:48
6219,维生素E软胶囊,,100mg*30粒(天然型),浙江医药股份有限公司新昌制药厂,盒,2,,,6,厦门鹭燕大药房有限公司,2022/10/19 10:48
5189,盐酸西替利嗪片,西可韦,10mg*12片,苏州东瑞制药有限公司,盒,2,,,6,厦门鹭燕大药房有限公司,2022/10/19 10:48
5186,替米沙坦片,安内强,40mg*28片,苏州东瑞制药有限公司,盒,2,,,6,厦门鹭燕大药房有限公司,2023/9/28 16:23
5180,苯磺酸氨氯地平片,安内真,5mg*28片,苏州东瑞制药有限公司,盒,2,,,6,厦门鹭燕大药房有限公司,2022/10/19 10:48
64722,苏黄止咳胶囊,,0.45g*9粒,扬子江药业集团北京海燕药业有限公司,盒,2,,,6,厦门鹭燕大药房有限公司,2022/10/19 10:48
5460,正红花油,,20ml,万源(福州)药业有限公司,瓶,2,,,6,厦门鹭燕大药房有限公司,2023/9/28 16:25
27160,螺内酯片,,20mg*100片,浙江亚太药业股份有限公司,瓶,2,,,6,厦门鹭燕大药房有限公司,2022/10/19 10:48
6198,阿昔洛韦片,,0.1g*24片,浙江亚太药业股份有限公司,盒,2,,,6,厦门鹭燕大药房有限公司,2022/10/19 10:48
248170,阿莫西林胶囊,,0.25g*36粒,浙江亚峰药厂有限公司,盒,2,,,6,厦门鹭燕大药房有限公司,2023/9/28 11:21
94568,复方氨酚烷胺胶囊,快克,16粒(250mg:100mg),浙江亚峰药厂有限公司,盒,2,,,6,厦门鹭燕大药房有限公司,2023/6/30 15:32
5624,琥乙红霉素片,利君沙,0.125g*24片,西安利君制药有限责任公司,盒,2,,,6,厦门鹭燕大药房有限公司,2022/10/19 10:48
39180,藿香正气胶囊,,0.3g*12粒*2板,云南白药集团股份有限公司,盒,2,,,6,厦门鹭燕大药房有限公司,2023/3/30 19:34
36097,云南白药气雾剂,,85g(保险液每瓶60g),云南白药集团股份有限公司,盒,2,,,6,厦门鹭燕大药房有限公司,2022/10/19 10:48
422824,云南白药膏,,6.5cm*10cm*8片,云南白药集团股份有限公司,盒,2,,,6,厦门鹭燕大药房有限公司,2022/10/19 10:48
39231,消炎镇痛膏,,7*10cm*2贴*2袋,云南白药集团股份有限公司,盒,2,,,6,厦门鹭燕大药房有限公司,2022/10/19 10:48
80336,参苓健脾胃颗粒,,10g*10袋,云南白药集团股份有限公司,盒,2,,,6,厦门鹭燕大药房有限公司,2022/10/19 10:48
38990,田七痛经胶囊,,0.4g*24粒,云南白药集团股份有限公司,盒,2,,,6,厦门鹭燕大药房有限公司,2022/10/19 10:48
38916,蒲地蓝消炎片,,0.3g*24片*2板,云南白药集团股份有限公司,盒,2,,,6,厦门鹭燕大药房有限公司,2022/10/19 10:48
47306,生脉饮(党参方),,10ml*9支,云南白药集团股份有限公司,盒,2,,,6,厦门鹭燕大药房有限公司,2023/9/28 11:19
39232,小柴胡颗粒,,10g*6袋,云南白药集团股份有限公司,盒,2,,,6,厦门鹭燕大药房有限公司,2023/9/28 11:18
39176,黄连上清片,,0.31g*24片*2板,云南白药集团股份有限公司,盒,2,,,6,厦门鹭燕大药房有限公司,2023/9/28 11:18
39161,妇炎康片,,0.52g*18片*3板,云南白药集团股份有限公司,盒,2,,,6,厦门鹭燕大药房有限公司,2023/6/30 15:30
39217,伤湿止痛膏,,7*10cm*4贴,云南白药集团股份有限公司,盒,2,,,6,厦门鹭燕大药房有限公司,2022/10/19 10:48
39067,玄麦甘桔颗粒,,10g*10袋,云南白药集团股份有限公司,盒,2,,,6,厦门鹭燕大药房有限公司,2022/10/19 10:48
5320,兰索拉唑肠溶胶囊,达克普隆,30mg*14粒,天津武田药品有限公司,盒,2,,,6,厦门鹭燕大药房有限公司,2022/10/19 10:48
5319,坎地沙坦酯片,必洛斯,8mg*7片,天津武田药品有限公司,盒,2,,,6,厦门鹭燕大药房有限公司,2022/10/19 10:48
5318,伏格列波糖片,倍欣,0.2mg*30片,天津武田药品有限公司,盒,2,,,6,厦门鹭燕大药房有限公司,2022/10/19 10:48
41843,复方枣仁胶囊,,0.4g*6粒,重庆希尔安药业有限公司,盒,2,,,6,厦门鹭燕大药房有限公司,2023/3/30 19:35
41306,银黄颗粒,,4g*10袋,中山市恒生药业有限公司,盒,2,,,6,厦门鹭燕大药房有限公司,2022/10/19 10:48
24967,清凉喉片,,16片,中山市恒生药业有限公司,瓶,2,,,6,厦门鹭燕大药房有限公司,2022/10/19 10:48
332,妥布霉素滴眼液,托百士,0.3%*5ml,s.a. ALCON-COUVREUR n.v.比利时爱尔康,盒,2,,,6,厦门鹭燕大药房有限公司,2022/10/19 10:48
46877,贝前列素钠片,,40ug*10片,北京泰德制药股份有限公司,盒,1,,,6,厦门鹭燕大药房有限公司,2023/3/30 19:40
354996,氟比洛芬凝胶贴膏,,40mg*6贴,北京泰德制药股份有限公司,盒,2,,,6,厦门鹭燕大药房有限公司,2023/3/7 8:17
209329,氟比洛芬凝胶贴膏,,40mg*4贴,北京泰德制药股份有限公司,盒,2,,,6,厦门鹭燕大药房有限公司,2022/10/19 10:48
848,地榆升白片,,0.1g*40片,成都地奥集团天府药业股份有限公司,盒,2,,,6,厦门鹭燕大药房有限公司,2022/10/19 10:48
142153,布洛芬分散片,贝乐芬,0.2g*18片,赤峰维康生化制药有限公司,盒,2,,,6,厦门鹭燕大药房有限公司,2023/6/30 15:32
991,洛索洛芬钠片,乐松,60mg*20片,第一三共制药(上海)有限公司,盒,2,,,6,厦门鹭燕大药房有限公司,2023/3/30 19:29
989,奥美沙坦酯片,傲坦,20mg*7片,第一三共制药(上海)有限公司,盒,2,,,6,厦门鹭燕大药房有限公司,2022/10/19 10:48
178427,奥美沙坦酯氢氯噻嗪片,,每片含奥美沙坦酯20mg与氢氯噻嗪12.5mg*7片,第一三共制药(上海)有限公司,盒,1,,,6,厦门鹭燕大药房有限公司,2022/10/19 10:48
275032,蚝贝钙片（咀嚼片）,,1.3g*100片,福建省泉州恒达制药有限公司,瓶,1,,,6,厦门鹭燕大药房有限公司,2023/9/28 11:17
461090,盐酸帕罗西汀片,赛乐特,10片*20mg(以C19H20FNO3计),葛兰素史克(天津)有限公司,盒,2,,,6,厦门鹭燕大药房有限公司,2023/9/28 16:24
140948,复方血栓通胶囊,,0.5g*60粒,广东众生药业股份有限公司,盒,1,,,6,厦门鹭燕大药房有限公司,2023/4/27 9:28
390684,板蓝根颗粒,,10g*20袋,广州白云山和记黄埔中药有限公司,包,2,,,6,厦门鹭燕大药房有限公司,2022/10/19 10:48
96144,蒲地蓝消炎口服液,,10ml*10支,济川药业集团有限公司,盒,1,,,6,厦门鹭燕大药房有限公司,2023/3/30 22:59
284733,小儿豉翘清热颗粒,,2g*6袋(无蔗糖),济川药业集团有限公司,盒,2,,,6,厦门鹭燕大药房有限公司,2023/9/28 11:22
108430,醋酸钙胶囊,,0.6g*15粒,昆明邦宇制药有限公司,瓶,2,,,6,厦门鹭燕大药房有限公司,2022/10/19 10:48
438638,蒲地蓝消炎片,,每片重0.3g*16片*3板,湖南方盛制药股份有限公司,盒,2,,,6,厦门鹭燕大药房有限公司,2023/6/30 15:40
74436,咽炎片,,0.26g*45片,吉林市吴太感康药业有限公司,盒,2,,,6,厦门鹭燕大药房有限公司,2022/10/19 10:48
42135,活血止痛片,,0.8g*18片,江西桔王药业有限公司,盒,2,,,6,厦门鹭燕大药房有限公司,2022/10/19 10:48
2681,复方利血平氨苯蝶啶片,北京降压0号,30片,华润双鹤药业股份有限公司,盒,2,,,6,厦门鹭燕大药房有限公司,2022/10/19 10:48
2680,复方利血平氨苯蝶啶片,,10片*12.5:12.5:12.5:0.1(mg),华润双鹤药业股份有限公司,盒,2,,,6,厦门鹭燕大药房有限公司,2022/10/19 10:48
26479,四味珍层冰硼滴眼液,珍视明,13ml,江西珍视明药业有限公司,瓶,2,,,6,厦门鹭燕大药房有限公司,2022/10/19 10:48
46740,苯磺酸氨氯地平片,,5mg*7片*3板,江西制药有限责任公司,盒,2,,,6,厦门鹭燕大药房有限公司,2022/10/19 10:48
440328,胎菊,,"选,55克/瓶",厦门燕来福制药有限公司,瓶,3,,,6,厦门鹭燕大药房有限公司,2023/2/24 8:37
435014,麦冬,,"精选,120克/瓶",厦门燕来福制药有限公司,瓶,5,,,6,厦门鹭燕大药房有限公司,2023/2/24 8:37
435006,枸杞子,,"特等,180克/瓶",厦门燕来福制药有限公司,瓶,3,,,6,厦门鹭燕大药房有限公司,2023/2/24 8:37
435003,金银花,,"一级,55克/瓶",厦门燕来福制药有限公司,瓶,3,,,6,厦门鹭燕大药房有限公司,2023/2/24 8:37
435001,菊花,,"朵花,30克/瓶",厦门燕来福制药有限公司,瓶,3,,,6,厦门鹭燕大药房有限公司,2023/2/24 8:37
80673,罗汉果,,大，4个/盒,厦门燕来福制药有限公司,个,4,,,6,厦门鹭燕大药房有限公司,2023/2/24 8:33
460346,百合,,"统,120克/瓶",厦门燕来福制药有限公司,瓶,3,,,6,厦门鹭燕大药房有限公司,2023/3/30 23:12
458760,党参,,"特等条,250克/袋",厦门燕来福制药有限公司,袋,3,,,6,厦门鹭燕大药房有限公司,2023/3/30 23:12
458759,党参,,"一等条,250克/袋",厦门燕来福制药有限公司,袋,3,,,6,厦门鹭燕大药房有限公司,2023/3/30 23:12
458758,党参,,"二等条,200克/袋",厦门燕来福制药有限公司,袋,3,,,6,厦门鹭燕大药房有限公司,2023/3/30 23:12
458757,枸杞子,,"特等,250克/袋",厦门燕来福制药有限公司,袋,3,,,6,厦门鹭燕大药房有限公司,2023/3/30 23:12
458756,枸杞子,,"特王,250克/袋",厦门燕来福制药有限公司,袋,2,,,6,厦门鹭燕大药房有限公司,2023/3/30 23:11
435013,白莲子,,"选,200克/瓶",厦门燕来福制药有限公司,瓶,5,,,6,厦门鹭燕大药房有限公司,2023/3/30 23:08
435012,党参段,,"一等,150克/瓶",厦门燕来福制药有限公司,瓶,3,,,6,厦门鹭燕大药房有限公司,2023/3/30 23:08
435009,陈皮,,"丝,100克/瓶",厦门燕来福制药有限公司,瓶,5,,,6,厦门鹭燕大药房有限公司,2023/3/30 23:08
435008,茯苓,,"丁,150克/瓶",厦门燕来福制药有限公司,瓶,3,,,6,厦门鹭燕大药房有限公司,2023/3/30 23:08
435007,甘草片,,"中圆片,100克/瓶",厦门燕来福制药有限公司,瓶,3,,,6,厦门鹭燕大药房有限公司,2023/3/30 23:08
435004,黄芪,,"瓜子片,150克/瓶",厦门燕来福制药有限公司,瓶,5,,,6,厦门鹭燕大药房有限公司,2023/3/30 23:08
435002,净山楂,,"无核,100克/瓶",厦门燕来福制药有限公司,瓶,5,,,6,厦门鹭燕大药房有限公司,2023/3/30 23:07
434963,玫瑰花,,"统,80克/瓶",厦门燕来福制药有限公司,瓶,5,,,6,厦门鹭燕大药房有限公司,2023/3/30 23:07
434962,芡实,,"半开,200克/瓶",厦门燕来福制药有限公司,瓶,3,,,6,厦门鹭燕大药房有限公司,2023/3/30 23:07
450534,红花,,"选,25克/瓶",厦门燕来福制药有限公司,瓶,2,,,6,厦门鹭燕大药房有限公司,2023/6/30 15:40
26767,鼻窦炎口服液,,10ml*6支,太极集团重庆桐君阁药厂有限公司,盒,2,,,6,厦门鹭燕大药房有限公司,2022/10/19 10:48
5891,活络油,,20ml,英吉利制药厂有限公司,瓶,2,,,6,厦门鹭燕大药房有限公司,2022/10/19 10:48
5892,活络油,狮马龙,40ml,英吉利制药厂有限公司,瓶,2,,,6,厦门鹭燕大药房有限公司,2022/10/19 10:48
5275,吲达帕胺片,,2.5mg*30片,天津力生制药股份有限公司,盒,2,,,6,厦门鹭燕大药房有限公司,2022/10/19 10:48
5285,醋酸氟轻松乳膏,,10g:2.5mg,天津太平洋制药有限公司,支,2,,,6,厦门鹭燕大药房有限公司,2022/10/19 10:48
287433,口服补液盐Ⅲ,,"5.125g:氯化钠0.65g,枸橼酸钠0.725g，氯化钾0.375g和无水葡萄糖3.375g*5袋",西安安健药业有限公司,盒,2,,,6,厦门鹭燕大药房有限公司,2022/10/19 10:48
35730,复方酮康唑软膏,,20g,滇虹药业集团股份有限公司,支,2,,,6,厦门鹭燕大药房有限公司,2022/10/19 10:48
994,复方酮康唑发用洗剂,康王,100ml,滇虹药业集团股份有限公司,瓶,2,,,6,厦门鹭燕大药房有限公司,2022/10/19 10:48
26878,复方酮康唑软膏,,(10mg:0.5mg)7g,滇虹药业集团股份有限公司,支,2,,,6,厦门鹭燕大药房有限公司,2022/10/19 10:48
996,复方酮康唑发用洗剂,康王,5ml,滇虹药业集团股份有限公司,袋,2,,,6,厦门鹭燕大药房有限公司,2022/10/19 10:48
995,复方酮康唑发用洗剂,康王,50ml,滇虹药业集团股份有限公司,瓶,2,,,6,厦门鹭燕大药房有限公司,2022/10/19 10:48
1472,罗浮山百草油,,2.5ml,广东罗浮山国药股份有限公司,瓶,2,,,6,厦门鹭燕大药房有限公司,2023/9/28 11:17
53057,通便灵胶囊,,0.25g*24粒,贵州百灵企业集团正鑫药业有限公司,盒,2,,,6,厦门鹭燕大药房有限公司,2022/10/19 10:48
1798,盐酸二甲双胍肠溶片,,0.25g*48片,贵州天安药业股份有限公司,瓶,2,,,6,厦门鹭燕大药房有限公司,2023/9/28 16:24
2724,精制海马追风膏,,8cm*13cm*5贴,黄石卫生材料药业有限公司,袋,2,,,6,厦门鹭燕大药房有限公司,2022/10/19 10:48
49569,水杨酸苯酚贴膏,,0.2g（每克含水杨酸0.78g，苯酚40mg）*6片,黄石卫生材料药业有限公司,盒,2,,,6,厦门鹭燕大药房有限公司,2022/10/19 10:48
36645,苯扎氯铵贴(防水型),邦廸,20片(0.31mg*22.5*12.7mm),上海强生有限公司,盒,2,,,6,厦门鹭燕大药房有限公司,2022/10/19 10:48
390636,防水创可贴,,(10片装)70mm×22mm,上海强生有限公司,盒,2,,,6,厦门鹭燕大药房有限公司,2022/10/19 10:48
70979,苯扎氯铵贴(防水型),邦廸,4片*20包(0.31mg*22.5*12.7mm),上海强生有限公司,盒,2,,,6,厦门鹭燕大药房有限公司,2022/10/19 10:48
46841,苯扎氯铵贴,邦迪,25mm*18mm*8片*20包,上海强生有限公司,盒,2,,,6,厦门鹭燕大药房有限公司,2022/10/19 10:48
36644,苯扎氯铵贴,邦廸,4片(38mm*25mm),上海强生有限公司,盒,2,,,6,厦门鹭燕大药房有限公司,2022/10/19 10:48
4593,苯扎氯铵贴,邦迪,25mm*18mm*100贴,上海强生有限公司,盒,2,,,6,厦门鹭燕大药房有限公司,2022/10/19 10:48
487253,硫酸氢氯吡格雷片,,75mg(按C16H16ClNO2S计)*28片,赛诺菲(杭州)制药有限公司,盒,1,,,6,厦门鹭燕大药房有限公司,2023/8/31 11:30
475661,厄贝沙坦片,,0.15g*28片,赛诺菲(杭州)制药有限公司,盒,1,,,6,厦门鹭燕大药房有限公司,2023/6/30 15:42
322389,丙戊酸钠缓释片（I）,德巴金,0.5g（以丙戊酸钠计）*30片,赛诺菲(杭州)制药有限公司,盒,1,,,6,厦门鹭燕大药房有限公司,2022/10/19 10:48
682,同仁乌鸡白凤丸,,9g*10丸,北京同仁堂股份有限公司同仁堂制药厂,盒,2,,,6,厦门鹭燕大药房有限公司,2022/10/19 10:48
675,同仁大活络丸,,3.6g*6丸,北京同仁堂股份有限公司同仁堂制药厂,盒,2,,,6,厦门鹭燕大药房有限公司,2022/10/19 10:48
683,五子衍宗丸,,(每100粒重10g)60g,北京同仁堂股份有限公司同仁堂制药厂,盒,2,,,6,厦门鹭燕大药房有限公司,2022/10/19 10:48
14246,同仁乌鸡白凤丸,,36g,北京同仁堂股份有限公司同仁堂制药厂,瓶,2,,,6,厦门鹭燕大药房有限公司,2022/10/19 10:48
680,调经促孕丸,,5g(每100丸重10g)*10袋,北京同仁堂股份有限公司同仁堂制药厂,盒,2,,,6,厦门鹭燕大药房有限公司,2022/10/19 10:48
679,牛黄上清丸,,6g*10丸,北京同仁堂股份有限公司同仁堂制药厂,盒,2,,,6,厦门鹭燕大药房有限公司,2022/10/19 10:48
678,同仁牛黄清心丸,,3g*6丸,北京同仁堂股份有限公司同仁堂制药厂,盒,2,,,6,厦门鹭燕大药房有限公司,2022/10/19 10:48
23757,氧氟沙星滴眼液,泰利必妥,5ml:15mg,参天制药(中国)有限公司,支,2,,,6,厦门鹭燕大药房有限公司,2022/10/19 10:48
327302,玻璃酸钠滴眼液,,5ml:15mg(0.3%),参天制药(中国)有限公司,盒,2,,,6,厦门鹭燕大药房有限公司,2023/3/30 23:02
37886,维生素C咀嚼片,,0.2g*36片,东北制药集团沈阳第一制药有限公司,盒,2,,,6,厦门鹭燕大药房有限公司,2022/10/19 10:48
185472,地衣芽孢杆菌活菌胶囊,整肠生,0.25g*24粒,东北制药集团沈阳第一制药有限公司,盒,2,,,6,厦门鹭燕大药房有限公司,2022/10/19 10:48
1007,维生素C片,,0.1g*100片,东北制药集团沈阳第一制药有限公司,瓶,2,,,6,厦门鹭燕大药房有限公司,2022/10/19 10:48
378226,复方金银花颗粒,,10g*14袋,修正药业集团长春高新制药有限公司,盒,2,,,6,厦门鹭燕大药房有限公司,2022/10/19 10:48
26625,二丁颗粒,,20g*10袋,修正药业集团长春高新制药有限公司,盒,2,,,6,厦门鹭燕大药房有限公司,2023/10/31 16:03
5247,格列齐特片(Ⅱ),达美康,80mg*60片,天津华津制药有限公司,盒,2,,,6,厦门鹭燕大药房有限公司,2022/10/19 10:48
476630,风热感冒颗粒,,每袋重10g*10袋,云南白药集团股份有限公司,盒,2,,,6,厦门鹭燕大药房有限公司,2023/4/27 9:29
5922,云南白药胶囊,,0.25g*16粒,云南白药集团股份有限公司,盒,2,,,6,厦门鹭燕大药房有限公司,2022/10/19 10:48
46650,小儿宝泰康颗粒,,4g*12袋,云南白药集团股份有限公司,盒,2,,,6,厦门鹭燕大药房有限公司,2022/10/19 10:48
5924,云南白药气雾剂,,85g:30g,云南白药集团股份有限公司,盒,2,,,6,厦门鹭燕大药房有限公司,2022/10/19 10:48
5923,云南白药气雾剂,,60g:50g,云南白药集团股份有限公司,盒,2,,,6,厦门鹭燕大药房有限公司,2022/10/19 10:48
5920,云南白药,,4g,云南白药集团股份有限公司,瓶,2,,,6,厦门鹭燕大药房有限公司,2022/10/19 10:48
323013,苯磺酸氨氯地平片,,5mg*14片*2板,浙江京新药业股份有限公司,盒,2,,,6,厦门鹭燕大药房有限公司,2022/10/19 10:48
27143,克拉霉素片,,0.25g*6片,浙江京新药业股份有限公司,盒,2,,,6,厦门鹭燕大药房有限公司,2023/9/28 16:26
6116,盐酸环丙沙星片,,0.25g*10片,浙江京新药业股份有限公司,盒,2,,,6,厦门鹭燕大药房有限公司,2022/10/19 10:48
31511,金嗓开音丸,,360粒(水蜜丸每10丸重1g),西安碑林药业股份有限公司,瓶,2,,,6,厦门鹭燕大药房有限公司,2022/10/19 10:48
25004,金嗓散结丸,,0.1g*360丸,西安碑林药业股份有限公司,瓶,2,,,6,厦门鹭燕大药房有限公司,2022/10/19 10:48
5317,肾炎康复片,,0.48g*45片,天津同仁堂集团股份有限公司,盒,2,,,6,厦门鹭燕大药房有限公司,2022/10/19 10:48
85553,维A酸乳膏,,0.025%*15g,重庆华邦制药有限公司,支,2,,,6,厦门鹭燕大药房有限公司,2022/10/19 10:48
89224,地奈德乳膏,力言卓,0.05%*15g,重庆华邦制药有限公司,支,2,,,6,厦门鹭燕大药房有限公司,2022/10/19 10:48
157347,乳果糖口服溶液,杜密克(OTC),15ml*6袋,Abbott Biologicals B.V.荷兰雅培,盒,2,,,6,厦门鹭燕大药房有限公司,2022/10/19 10:48
4,地屈孕酮片,达芙通,10mg*20片,Abbott Biologicals B.V.荷兰雅培,盒,1,,,6,厦门鹭燕大药房有限公司,2023/6/30 15:29
3,雌二醇片/雌二醇地屈孕酮片复合包装,芬吗通,2mg:2mg:10mg*28片,Abbott Biologicals B.V.荷兰雅培,盒,1,,,6,厦门鹭燕大药房有限公司,2023/6/30 15:28
248717,阿莫西林分散片,,0.5g*10片,山西同达药业有限公司,盒,2,,,6,厦门鹭燕大药房有限公司,2022/10/19 10:48
220,熊去氧胆酸胶囊,优思弗,250mg*25粒,Losan Pharma GmbH德国福克,盒,2,,,6,厦门鹭燕大药房有限公司,2022/10/19 10:48
37476,六味地黄胶囊,,0.3g*60粒,安徽九方制药有限公司,盒,2,,,6,厦门鹭燕大药房有限公司,2022/10/19 10:48
175827,麝香保心丸,,22.5mg*60丸,上海和黄药业有限公司,盒,2,,,6,厦门鹭燕大药房有限公司,2022/10/19 10:48
281122,心可舒片,,0.31g*96片,山东沃华医药科技股份有限公司,盒,2,,,6,厦门鹭燕大药房有限公司,2022/10/19 10:48
26675,麝香壮骨膏,,2贴*5袋,修正药业集团股份有限公司,盒,2,,,6,厦门鹭燕大药房有限公司,2023/3/30 19:32
79886,复方氨酚烷胺片,,16片,修正药业集团股份有限公司,盒,2,,,6,厦门鹭燕大药房有限公司,2023/3/30 22:58
195614,维U颠茄铝胶囊Ⅱ,,复方*18粒,修正药业集团股份有限公司,盒,2,,,6,厦门鹭燕大药房有限公司,2022/10/19 10:48
242551,通窍鼻炎片,,每片重0.3g(相当于饮片1.1g)*12片*4板,修正药业集团股份有限公司,盒,2,,,6,厦门鹭燕大药房有限公司,2023/6/30 15:32
4308,氨茶碱片,,0.1g*100片,山西太原药业有限公司,瓶,2,,,6,厦门鹭燕大药房有限公司,2022/10/19 10:48
274690,醋酸地塞米松口腔贴片,意可贴,0.3mg*10片,深圳太太药业有限公司,盒,2,,,6,厦门鹭燕大药房有限公司,2023/9/28 11:22
223956,醋酸地塞米松口腔贴片,意可贴,0.3mg*5片,深圳太太药业有限公司,盒,2,,,6,厦门鹭燕大药房有限公司,2022/10/19 10:48
57153,酮康唑洗剂,,50ml,南京白敬宇制药有限责任公司,瓶,2,,,6,厦门鹭燕大药房有限公司,2022/10/19 10:48
4711,法莫替丁胶囊,,20mg*24粒,上海信谊万象药业股份有限公司,盒,2,,,6,厦门鹭燕大药房有限公司,2022/10/19 10:48
35718,丁酸氢化可的松乳膏,尤卓尔,"0.1%（20g：20mg）,20g",天津金耀药业有限公司,盒,2,,,6,厦门鹭燕大药房有限公司,2022/10/19 10:48
5468,辅酶Q10片,能气朗,10mg*30片,卫材(中国)药业有限公司,盒,2,,,6,厦门鹭燕大药房有限公司,2022/10/19 10:48
5475,甲磺酸倍他司汀片,敏使朗,6mg*30片,卫材(中国)药业有限公司,盒,2,,,6,厦门鹭燕大药房有限公司,2022/10/19 10:48
5480,替普瑞酮胶囊,施维舒,50mg*20粒,卫材(中国)药业有限公司,盒,2,,,6,厦门鹭燕大药房有限公司,2022/10/19 10:48
89081,雷贝拉唑钠肠溶片,波利特,20mg*7片,卫材(中国)药业有限公司,盒,1,,,6,厦门鹭燕大药房有限公司,2022/10/19 10:48
82335,盐酸乙哌立松片,妙纳,50mg*20片(薄膜衣),卫材(中国)药业有限公司,盒,2,,,6,厦门鹭燕大药房有限公司,2023/9/28 16:24
88133,甲钴胺片,弥可保,0.5mg*20片(薄膜衣),卫材(中国)药业有限公司,盒,2,,,6,厦门鹭燕大药房有限公司,2022/10/19 10:48
24436,红霉素软膏,,10g(1%),国药集团三益药业(芜湖)有限公司,支,2,,,6,厦门鹭燕大药房有限公司,2022/10/19 10:48
5516,盐酸萘甲唑啉滴鼻液,,0.1%*8ml,国药集团三益药业(芜湖)有限公司,支,2,,,6,厦门鹭燕大药房有限公司,2022/10/19 10:48
5510,克霉唑溶液,,1.5%*8ml,国药集团三益药业(芜湖)有限公司,支,2,,,6,厦门鹭燕大药房有限公司,2022/10/19 10:48
102382,复方樟脑乳膏,,20g/支,武汉诺安药业有限公司,盒,2,,,6,厦门鹭燕大药房有限公司,2022/10/19 10:48
236612,氧氟沙星滴耳液,,10ml:30mg(0.3%),武汉诺安药业有限公司,盒,2,,,6,厦门鹭燕大药房有限公司,2022/10/19 10:48
49249,气血康口服液,,10ml*10支,云南白药集团文山七花有限责任公司,盒,2,,,6,厦门鹭燕大药房有限公司,2022/10/19 10:48
373978,云南白药创可贴,,1.5cm*2.3cm*20片(轻巧护翼型),云南白药集团无锡药业有限公司,盒,2,,,6,厦门鹭燕大药房有限公司,2022/10/19 10:48
9602,血塞通片,,25mg*20片,云南维和药业股份有限公司,盒,2,,,6,厦门鹭燕大药房有限公司,2023/9/28 16:24
5985,风油精,,3ml,漳州水仙药业股份有限公司,瓶,2,,,6,厦门鹭燕大药房有限公司,2022/10/19 10:48
5987,风油精,,9ml,漳州水仙药业股份有限公司,瓶,2,,,6,厦门鹭燕大药房有限公司,2023/9/28 16:28
35988,风油精,,5ml,漳州水仙药业股份有限公司,瓶,2,,,6,厦门鹭燕大药房有限公司,2022/10/19 10:48
478049,阿莫西林克拉维酸钾干混悬剂,,0.2285g（C16H19N305S 0.2g与C8H9N05 0.0285g）*18袋,珠海联邦制药股份有限公司中山分公司,盒,2,,,6,厦门鹭燕大药房有限公司,2023/2/24 8:39
6403,氢溴酸右美沙芬口服溶液,,120ml:0.18g,珠海联邦制药股份有限公司中山分公司,瓶,2,,,6,厦门鹭燕大药房有限公司,2022/10/19 10:48
46992,阿莫西林胶囊,,按C16H19N3O5计0.25g*12粒*3板,珠海联邦制药股份有限公司中山分公司,盒,2,,,6,厦门鹭燕大药房有限公司,2022/10/19 10:48
43711,盐酸左氧氟沙星胶囊,,0.1*20粒,珠海联邦制药股份有限公司中山分公司,盒,2,,,6,厦门鹭燕大药房有限公司,2022/10/19 10:48
233381,罗红霉素胶囊,赛乐林,150mg*36粒,珠海联邦制药股份有限公司中山分公司,盒,2,,,6,厦门鹭燕大药房有限公司,2023/9/28 16:26
42957,阿莫西林克拉维酸钾片,,0.375g*12片,珠海联邦制药股份有限公司中山分公司,盒,2,,,6,厦门鹭燕大药房有限公司,2022/10/19 10:48
31612,阿莫西林胶囊,阿莫仙,0.5g*12粒,珠海联邦制药股份有限公司中山分公司,盒,2,,,6,厦门鹭燕大药房有限公司,2022/10/19 10:48
9593,头孢拉定胶囊,,0.25g*24粒,珠海联邦制药股份有限公司中山分公司,盒,2,,,6,厦门鹭燕大药房有限公司,2022/10/19 10:48
6407,盐酸左氧氟沙星滴眼液,联邦左福康,5ml:15mg,珠海联邦制药股份有限公司中山分公司,盒,2,,,6,厦门鹭燕大药房有限公司,2022/10/19 10:48
6400,布洛芬缓释胶囊,缓士芬,0.3g*12粒,珠海联邦制药股份有限公司中山分公司,盒,2,,,6,厦门鹭燕大药房有限公司,2022/10/19 10:48
6394,阿昔洛韦片,阿思乐,0.1g*24片,珠海联邦制药股份有限公司中山分公司,盒,2,,,6,厦门鹭燕大药房有限公司,2022/10/19 10:48
6393,阿奇霉素分散片,赛乐欣,0.25g*6片,珠海联邦制药股份有限公司中山分公司,盒,2,,,6,厦门鹭燕大药房有限公司,2022/10/19 10:48
6309,阿苯达唑片,肠虫清,0.2g*10片,中美天津史克制药有限公司,盒,2,,,6,厦门鹭燕大药房有限公司,2022/10/19 10:48
380821,布洛芬缓释胶囊,,0.3g*24粒,中美天津史克制药有限公司,盒,2,,,6,厦门鹭燕大药房有限公司,2022/10/19 10:48
416817,氨酚咖那敏片,,复方*20片(每片含对乙酰氨基酚500毫克，咖啡因32.5毫克，马来酸氯苯那敏2毫克),中美天津史克制药有限公司,盒,2,,,6,厦门鹭燕大药房有限公司,2023/6/30 15:37
84433,氨麻美敏片(Ⅱ),,500mg:15mg:30mg:2mg*20片,中美天津史克制药有限公司,盒,2,,,6,厦门鹭燕大药房有限公司,2022/10/19 10:48
27173,复方盐酸伪麻黄碱缓释胶囊,新康泰克,8粒,中美天津史克制药有限公司,盒,2,,,6,厦门鹭燕大药房有限公司,2022/10/19 10:48
6315,莫匹罗星软膏,百多邦,5g:0.1g,中美天津史克制药有限公司,支,2,,,6,厦门鹭燕大药房有限公司,2022/10/19 10:48
6314,莫匹罗星软膏,百多邦,10g:0.2g,中美天津史克制药有限公司,支,2,,,6,厦门鹭燕大药房有限公司,2022/10/19 10:48
6312,酚咖片,,20片,中美天津史克制药有限公司,盒,2,,,6,厦门鹭燕大药房有限公司,2022/10/19 10:48
6311,对乙酰氨基酚片,必理通,0.5g*10片,中美天津史克制药有限公司,盒,2,,,6,厦门鹭燕大药房有限公司,2022/10/19 10:48
26443,布洛芬缓释胶囊,芬必得,0.4g*24粒,中美天津史克制药有限公司,盒,2,,,6,厦门鹭燕大药房有限公司,2023/10/31 16:05
283870,阿托伐他汀钙片,立普妥,20mg*28片,辉瑞制药有限公司,盒,2,,,6,厦门鹭燕大药房有限公司,2022/11/15 9:22
367175,枸橼酸西地那非片,万艾可,50mg*5片/盒,辉瑞制药有限公司,盒,1,,,6,厦门鹭燕大药房有限公司,2022/10/19 10:48
2729,阿奇霉素片,希舒美,250mg*6片,辉瑞制药有限公司,盒,2,,,6,厦门鹭燕大药房有限公司,2022/10/19 10:48
2730,阿托伐他汀钙片,立普妥,10mg*7片,辉瑞制药有限公司,盒,2,,,6,厦门鹭燕大药房有限公司,2022/10/19 10:48
324663,苯磺酸氨氯地平片,络活喜,5mg*28片,辉瑞制药有限公司,盒,1,,,6,厦门鹭燕大药房有限公司,2022/10/19 10:48
374870,枸橼酸西地那非片,万艾可,50mg*1片,辉瑞制药有限公司,盒,2,,,6,厦门鹭燕大药房有限公司,2022/10/19 10:48
36682,枸橼酸西地那非片,万艾可,100mg*10片,辉瑞制药有限公司,盒,1,,,6,厦门鹭燕大药房有限公司,2022/10/19 10:48
2739,枸橼酸西地那非片,万艾可,0.1g*5片,辉瑞制药有限公司,盒,1,,,6,厦门鹭燕大药房有限公司,2022/10/19 10:48
2738,枸橼酸西地那非片,万艾可,0.1g*1片,辉瑞制药有限公司,盒,1,,,6,厦门鹭燕大药房有限公司,2022/10/19 10:48
2734,苯磺酸氨氯地平片,络活喜,5mg*7片,辉瑞制药有限公司,盒,2,,,6,厦门鹭燕大药房有限公司,2022/10/19 10:48
2732,阿托伐他汀钙片,立普妥,20mg*7片,辉瑞制药有限公司,盒,2,,,6,厦门鹭燕大药房有限公司,2022/10/19 10:48
2727,阿奇霉素干混悬剂,希舒美,100mg*6袋,辉瑞制药有限公司,盒,2,,,6,厦门鹭燕大药房有限公司,2022/10/19 10:48
2745,盐酸舍曲林片,左洛复,50mg*14片,辉瑞制药有限公司,盒,2,,,6,厦门鹭燕大药房有限公司,2022/10/19 10:48
14140,枸橼酸莫沙必利分散片,新络纳,5mg*20片,成都康弘药业集团股份有限公司,盒,2,,,6,厦门鹭燕大药房有限公司,2022/10/19 10:48
108547,盐酸小檗碱片,,0.1g*24片,赤峰蒙欣药业有限公司,盒,2,,,6,厦门鹭燕大药房有限公司,2022/10/19 10:48
37517,莲花峰茶,,3g*12丸,福建省南安市莲花峰药厂,盒,2,,,6,厦门鹭燕大药房有限公司,2022/10/19 10:48
1156,莲花峰茶(袋泡),,3g*20袋,福建省南安市莲花峰药厂,盒,2,,,6,厦门鹭燕大药房有限公司,2022/10/19 10:48
453287,复方金银花颗粒,,每袋装10g(相当于生药材3.5g)*18袋,抚松县中药有限责任公司,盒,1,,,6,厦门鹭燕大药房有限公司,2023/3/30 23:10
246304,银黄颗粒,,4g*14袋,抚松县中药有限责任公司,盒,2,,,6,厦门鹭燕大药房有限公司,2023/6/30 15:32
424851,消痛贴膏,,1贴/袋*6袋(药芯袋每贴装1.2g+润湿剂每贴装2.5ml),甘肃奇正藏药有限公司,盒,2,,,6,厦门鹭燕大药房有限公司,2022/10/19 10:48
27976,秋水仙碱片,,0.5mg*20片,广东彼迪药业有限公司,盒,2,,,6,厦门鹭燕大药房有限公司,2023/9/28 16:27
1384,马来酸依那普利片,,10mg*20片,广东彼迪药业有限公司,盒,2,,,6,厦门鹭燕大药房有限公司,2022/10/19 10:48
1550,复方穿心莲片,,100片,广西禅方药业有限公司,瓶,2,,,6,厦门鹭燕大药房有限公司,2022/10/19 10:48
1612,养血生发胶囊,,0.5g*30粒,广州白云山敬修堂药业股份有限公司,瓶,2,,,6,厦门鹭燕大药房有限公司,2022/10/19 10:48
1610,跌打万花油,,25ml,广州白云山敬修堂药业股份有限公司,瓶,2,,,6,厦门鹭燕大药房有限公司,2022/10/19 10:48
445885,咽立爽口含滴丸,,25mg*60丸,贵州黄果树立爽药业有限公司,盒,2,,,6,厦门鹭燕大药房有限公司,2022/10/19 10:48
446827,阿莫西林胶囊,,0.25g(按C16H19N3O5S计算)*40粒,国药集团威奇达药业有限公司,盒,2,,,6,厦门鹭燕大药房有限公司,2023/3/30 23:09
90434,麝香壮骨膏,,7cm*10cm*5贴*2袋,河南羚锐制药股份有限公司,盒,2,,,6,厦门鹭燕大药房有限公司,2022/10/19 10:48
2305,壮骨麝香止痛膏,,7cm*10cm*2袋*5贴,河南羚锐制药股份有限公司,盒,2,,,6,厦门鹭燕大药房有限公司,2022/10/19 10:48
67575,舒腹贴膏,,6.5cm*10cm*4片,河南羚锐制药股份有限公司,盒,2,,,6,厦门鹭燕大药房有限公司,2022/10/19 10:48
397430,通络祛痛膏,,7cm*10cm*21贴,河南羚锐制药股份有限公司,盒,1,,,6,厦门鹭燕大药房有限公司,2023/6/30 15:35
91739,伤湿止痛膏,,7cm*10cm*5贴*2袋,河南羚锐制药股份有限公司,盒,2,,,6,厦门鹭燕大药房有限公司,2022/10/19 10:48
62096,壮骨麝香止痛膏,,7cm*10cm*10贴,河南羚锐制药股份有限公司,袋,2,,,6,厦门鹭燕大药房有限公司,2022/10/19 10:48
56349,辣椒风湿膏,,7cm*10cm*4贴,河南羚锐制药股份有限公司,盒,2,,,6,厦门鹭燕大药房有限公司,2022/10/19 10:48
53653,通络祛痛膏,,7cm*10cm*6贴,河南羚锐制药股份有限公司,盒,2,,,6,厦门鹭燕大药房有限公司,2022/10/19 10:48
2307,壮骨麝香止痛膏,,9cm*12.8cm*10贴,河南羚锐制药股份有限公司,盒,2,,,6,厦门鹭燕大药房有限公司,2022/10/19 10:48
38133,活血消痛酊,,60ml,河南羚锐制药股份有限公司,瓶,2,,,6,厦门鹭燕大药房有限公司,2022/10/19 10:48
46649,板蓝根颗粒,,10g*20袋,河北万岁药业有限公司,包,2,,,6,厦门鹭燕大药房有限公司,2022/10/19 10:48
2266,黄连上清丸,,6g*10袋,河南百年康鑫药业有限公司,盒,2,,,6,厦门鹭燕大药房有限公司,2022/10/19 10:48
83536,逍遥丸,,3g/8丸*360丸,九芝堂股份有限公司,盒,2,,,6,厦门鹭燕大药房有限公司,2022/10/19 10:48
71351,补中益气丸,,3g/8丸*360丸,九芝堂股份有限公司,瓶,2,,,6,厦门鹭燕大药房有限公司,2022/10/19 10:48
71335,归脾丸,,3g/8丸*360丸,九芝堂股份有限公司,瓶,2,,,6,厦门鹭燕大药房有限公司,2022/10/19 10:48
74468,知柏地黄丸,,360粒,九芝堂股份有限公司,瓶,2,,,6,厦门鹭燕大药房有限公司,2022/10/19 10:48
42570,六味地黄丸,,360丸*1.44g/8丸,九芝堂股份有限公司,瓶,2,,,6,厦门鹭燕大药房有限公司,2022/10/19 10:48
27702,天王补心丸,,120g,九芝堂股份有限公司,瓶,2,,,6,厦门鹭燕大药房有限公司,2023/9/28 16:23
3435,驴胶补血颗粒,,20g*30袋,九芝堂股份有限公司,碗,1,,,6,厦门鹭燕大药房有限公司,2022/10/19 10:48
3433,六味地黄丸,,200丸,九芝堂股份有限公司,瓶,2,,,6,厦门鹭燕大药房有限公司,2022/10/19 10:48
3426,柏子养心丸,,120g,九芝堂股份有限公司,瓶,2,,,6,厦门鹭燕大药房有限公司,2022/10/19 10:48
83573,杞菊地黄丸,,3g/8丸*360丸,九芝堂股份有限公司,盒,2,,,6,厦门鹭燕大药房有限公司,2022/10/19 10:48
74582,金银花露,,340ml(含蔗糖),湖北东信药业有限公司,瓶,2,,,6,厦门鹭燕大药房有限公司,2023/7/25 14:41
2423,对乙酰氨基酚栓,,0.15g*10枚,湖北东信药业有限公司,盒,2,,,6,厦门鹭燕大药房有限公司,2022/10/19 10:48
3083,复合维生素B片,,100片,江苏鹏鹞药业有限公司,瓶,2,,,6,厦门鹭燕大药房有限公司,2022/10/19 10:48
3086,炉甘石洗剂,,100ml,江苏鹏鹞药业有限公司,瓶,2,,,6,厦门鹭燕大药房有限公司,2022/10/19 10:48
24410,卡马西平片,,0.1g*100片,江苏鹏鹞药业有限公司,瓶,2,,,6,厦门鹭燕大药房有限公司,2022/10/19 10:48
2441,维生素B2片,,5mg*100片,湖北广济药业股份有限公司,瓶,2,,,6,厦门鹭燕大药房有限公司,2022/10/19 10:48
366848,他达拉非片,,20mg*2片,江苏天士力帝益药业有限公司,盒,1,,,6,厦门鹭燕大药房有限公司,2022/10/19 10:48
3139,葡醛内酯片,,0.1g*100片,江苏天士力帝益药业有限公司,瓶,2,,,6,厦门鹭燕大药房有限公司,2022/10/19 10:48
36245,克霉唑阴道片,,0.5g*1片,江苏亚邦爱普森药业有限公司,盒,2,,,6,厦门鹭燕大药房有限公司,2022/10/19 10:48
3166,克拉霉素胶囊,桑美,0.25g*6粒,江苏亚邦爱普森药业有限公司,盒,2,,,6,厦门鹭燕大药房有限公司,2022/10/19 10:48
214168,肺宁颗粒,,10g*9袋,吉林益民堂制药有限公司,盒,2,,,6,厦门鹭燕大药房有限公司,2022/10/19 10:48
178408,二硫化硒洗剂,希尔生,2.5%*200g,江苏迪赛诺制药有限公司,盒,2,,,6,厦门鹭燕大药房有限公司,2022/10/19 10:48
382,酒石酸美托洛尔片,倍他乐克,25mg*20片,阿斯利康制药有限公司,盒,2,,,6,厦门鹭燕大药房有限公司,2023/5/29 16:13
87450,艾司奥美拉唑镁肠溶片,耐信,20mg*7片,阿斯利康制药有限公司,盒,2,,,6,厦门鹭燕大药房有限公司,2022/10/19 10:48
454813,替格瑞洛片,,90mg*14片,阿斯利康制药有限公司,盒,1,,,6,厦门鹭燕大药房有限公司,2023/6/30 15:40
502,葡萄糖酸钙锌口服溶液,,10ml*24支,澳诺(中国)制药有限公司,盒,2,,,6,厦门鹭燕大药房有限公司,2022/10/19 10:48
638,双氯芬酸钠缓释片,扶他林,75mg*10片,北京诺华制药有限公司,盒,2,,,6,厦门鹭燕大药房有限公司,2022/10/19 10:48
641,盐酸贝那普利片,洛汀新,10mg*14片,北京诺华制药有限公司,盒,2,,,6,厦门鹭燕大药房有限公司,2022/10/19 10:48
380804,缬沙坦胶囊,代文,80mg*28粒,北京诺华制药有限公司,盒,1,,,6,厦门鹭燕大药房有限公司,2022/10/19 10:48
640,缬沙坦胶囊,代文,80mg*7粒,北京诺华制药有限公司,盒,2,,,6,厦门鹭燕大药房有限公司,2022/10/19 10:48
2086,马来酸曲美布汀片,诺为,0.2g*24片,海南普利制药股份有限公司,盒,2,,,6,厦门鹭燕大药房有限公司,2023/6/30 15:30
201869,头孢克肟颗粒,,50mg*10袋,康普药业股份有限公司,盒,2,,,6,厦门鹭燕大药房有限公司,2023/3/30 23:00
395358,头孢克肟颗粒,,50mg*7袋,康普药业股份有限公司,盒,2,,,6,厦门鹭燕大药房有限公司,2022/10/19 10:48
233399,复方鱼腥草合剂,,10ml*18瓶,浙江康恩贝中药有限公司,盒,2,,,6,厦门鹭燕大药房有限公司,2022/10/19 10:48
26587,咽炎片,,0.25g*30片,西安科力药业有限公司,盒,2,,,6,厦门鹭燕大药房有限公司,2022/10/19 10:48
26691,药艾条,,30g*10支,烟台爱心药业有限公司,盒,2,,,6,厦门鹭燕大药房有限公司,2022/10/19 10:48
438736,缬沙坦氨氯地平片(Ⅰ),,"10片(每片含缬沙坦80mg,氨氯地平5mg)",浙江花园药业有限公司,盒,2,,,6,厦门鹭燕大药房有限公司,2023/9/28 11:23
42139,头孢克洛分散片,,0.125g*10片,安徽安科恒益药业有限公司,盒,2,,,6,厦门鹭燕大药房有限公司,2022/10/19 10:48
41792,阿莫西林胶囊,,0.25g*40粒,安徽安科恒益药业有限公司,盒,2,,,6,厦门鹭燕大药房有限公司,2022/10/19 10:48
27642,拔毒膏,,0.5g*5张,安阳中智药业有限责任公司,盒,2,,,6,厦门鹭燕大药房有限公司,2022/10/19 10:48
26468,国公酒,,328ml,北京同仁堂股份有限公司同仁堂药酒厂,瓶,2,,,6,厦门鹭燕大药房有限公司,2022/10/19 10:48
21160,妥布霉素地塞米松滴眼液,典必殊,5ml:15mg:5mg,比利时S.A.ALCON-COUVREURN.V.,支,2,,,6,厦门鹭燕大药房有限公司,2023/2/24 8:32
352242,复方葡萄糖酸钙口服溶液,,10ml:110mg*12支,哈药集团三精制药有限公司,盒,2,,,6,厦门鹭燕大药房有限公司,2022/10/19 10:48
234686,葡萄糖酸锌口服溶液,,10ml:35mg*12支,哈药集团三精制药有限公司,盒,2,,,6,厦门鹭燕大药房有限公司,2022/10/19 10:48
105036,双黄连口服液,,10ml*10支,哈药集团三精制药有限公司,盒,2,,,6,厦门鹭燕大药房有限公司,2022/10/19 10:48
240227,小儿感冒颗粒,,6g*24袋,华润三九(枣庄)药业有限公司,盒,2,,,6,厦门鹭燕大药房有限公司,2022/10/19 10:48
107587,感冒清热颗粒,,12g*18袋(有糖型）,华润三九(枣庄)药业有限公司,包,2,,,6,厦门鹭燕大药房有限公司,2023/6/30 15:32
4229,小儿感冒颗粒,,6g*10袋,华润三九(枣庄)药业有限公司,盒,2,,,6,厦门鹭燕大药房有限公司,2022/10/19 10:48
100334,恩替卡韦分散片,,0.5mg*28片,正大天晴药业集团股份有限公司,盒,1,,,6,厦门鹭燕大药房有限公司,2023/2/24 8:33
156927,盐酸二甲双胍缓释片,泰白,0.5g*60片,正大天晴药业集团股份有限公司,盒,2,,,6,厦门鹭燕大药房有限公司,2022/10/19 10:48
36794,麝香祛痛搽剂,,100ml,李时珍医药集团有限公司,瓶,2,,,6,厦门鹭燕大药房有限公司,2022/10/19 10:48
398493,咽炎片,,每片0.26g*24片,华润三九(黄石)药业有限公司,盒,2,,,6,厦门鹭燕大药房有限公司,2023/2/6 15:37
36786,小儿咽扁颗粒,,8g*10袋,华润三九(黄石)药业有限公司,盒,2,,,6,厦门鹭燕大药房有限公司,2022/10/19 10:48
243640,小儿氨酚黄那敏颗粒,,6g*20袋,华润三九(黄石)药业有限公司,盒,2,,,6,厦门鹭燕大药房有限公司,2023/9/28 11:21
46508,藿香正气水,,10ml*10支,四川彩虹制药有限公司,盒,2,,,6,厦门鹭燕大药房有限公司,2022/10/19 10:48
191968,五酯胶囊,,11.25mg*36粒,四川禾正制药有限责任公司,盒,2,,,6,厦门鹭燕大药房有限公司,2023/9/28 16:23
43241,藿香正气水,,10ml*10支,四川泰华堂制药有限公司,盒,2,,,6,厦门鹭燕大药房有限公司,2023/9/28 11:19
34391,维生素C片,,0.1g*100片,四川依科制药有限公司,瓶,2,,,6,厦门鹭燕大药房有限公司,2022/10/19 10:48
33797,多酶片,,0.3g：13mg*100片,四川依科制药有限公司,瓶,2,,,6,厦门鹭燕大药房有限公司,2022/10/19 10:48
27563,药艾条,,28g*10支,江苏康美制药有限公司,盒,2,,,6,厦门鹭燕大药房有限公司,2022/10/19 10:48
285752,氨酚烷胺那敏胶囊 ,,150mg:50mg:1mg*12粒,大同市利群药业有限责任公司,盒,2,,,6,厦门鹭燕大药房有限公司,2022/10/19 10:48
26505,双黄连口服液,,10ml*10支,南阳市新生制药有限公司,盒,2,,,6,厦门鹭燕大药房有限公司,2022/10/19 10:48
465882,玻璃体温计,,内标式(腋下),宁波市鄞州华鑫仪器有限公司,支,10,,,6,厦门鹭燕大药房有限公司,2023/7/25 14:40
500869,无菌敷贴,,HN-001 6cm*7cm,青岛海诺生物工程有限公司,袋,5,,,6,厦门鹭燕大药房有限公司,2023/8/31 11:31
112207,创口贴,,90mm*65mm*2片 超大型,青岛海诺生物工程有限公司,盒,2,,,6,厦门鹭燕大药房有限公司,2023/7/25 14:41
413383,创口贴,,70mm*18mm*12片弹力型,青岛海诺生物工程有限公司,盒,2,,,6,厦门鹭燕大药房有限公司,2022/10/19 10:48
288127,创口贴,,透明防水型 72mm*22mm*6片,青岛海诺生物工程有限公司,盒,2,,,6,厦门鹭燕大药房有限公司,2023/6/30 15:33
178257,人绒毛膜促性腺激素(HCG)测定试纸(胶体金法),,卡型1人份,青岛海诺生物工程有限公司,盒,3,,,6,厦门鹭燕大药房有限公司,2022/10/19 10:48
178249,人绒毛膜促性腺激素(HCG)测定试纸(胶体金法),,笔型1人份,青岛海诺生物工程有限公司,盒,3,,,6,厦门鹭燕大药房有限公司,2022/10/19 10:48
38342,创口贴,,70mm*18mm*100片 弹力型,青岛海诺生物工程有限公司,盒,2,,,6,厦门鹭燕大药房有限公司,2022/10/19 10:48
27502,人绒毛膜促性腺激素(HCG)测定试纸(胶体金法),,条型2人份,青岛海诺生物工程有限公司,盒,3,,,6,厦门鹭燕大药房有限公司,2022/10/19 10:48
87201,盐酸特比萘芬喷雾剂,,1%*30ml*1瓶,山东京卫制药有限公司,盒,2,,,6,厦门鹭燕大药房有限公司,2022/10/19 10:48
28245,维生素B12片,,25ug*100片,山西亨瑞达制药有限公司,瓶,2,,,6,厦门鹭燕大药房有限公司,2022/10/19 10:48
122387,柳氮磺吡啶肠溶片,,0.25g*12片*5板,上海福达制药有限公司,盒,2,,,6,厦门鹭燕大药房有限公司,2022/10/19 10:48
42488,舒筋活血片,,0.37g*72片,洛阳君山制药有限公司,盒,2,,,6,厦门鹭燕大药房有限公司,2022/10/19 10:48
91029,银翘解毒颗粒,,15g*10袋,广西圣民制药有限公司,盒,2,,,6,厦门鹭燕大药房有限公司,2023/6/30 15:31
28191,左炔诺孕酮肠溶片,丹媚,1.5mg*1片,广州朗圣药业有限公司,盒,2,,,6,厦门鹭燕大药房有限公司,2022/10/19 10:48
385929,天然胶乳橡胶避孕套,,"超薄杜蕾斯,3只 标称宽度52mm",青岛伦敦杜蕾斯有限公司,盒,2,,,6,厦门鹭燕大药房有限公司,2022/10/19 10:48
384488,天然胶乳橡胶避孕套,杜蕾斯,10只(LOVE大胆爱吧) 标称宽度52mm,青岛伦敦杜蕾斯有限公司,盒,2,,,6,厦门鹭燕大药房有限公司,2022/10/19 10:48
391764,医用外科口罩,,"长方形,挂耳,无菌独立包装,9.5cm*17cm*1支/袋*30支/盒",河南亚都实业有限公司,袋,10,,,6,厦门鹭燕大药房有限公司,2022/10/19 10:48
382479,医用棉签,,10cm*100支,河南亚都实业有限公司,包,5,,,6,厦门鹭燕大药房有限公司,2022/10/19 10:48
376699,医用无菌敷贴,,100*100mm*1片/包,河南亚都实业有限公司,包,5,,,6,厦门鹭燕大药房有限公司,2022/10/19 10:48
376689,医用棉签,,10cm*50支,河南亚都实业有限公司,包,5,,,6,厦门鹭燕大药房有限公司,2022/10/19 10:48
365054,医用外科口罩,,长方形 挂耳,河南亚都实业有限公司,个,20,,,6,厦门鹭燕大药房有限公司,2022/10/19 10:48
37416,乌洛托品溶液,,39.5%*24ml,桂林长圣药业有限责任公司,瓶,2,,,6,厦门鹭燕大药房有限公司,2022/10/19 10:48
282532,木香分气丸,,6g*10袋,甘肃佛仁制药科技有限公司,盒,2,,,6,厦门鹭燕大药房有限公司,2023/9/28 11:22
39279,食母生片,,0.2g*80片,广东五洲药业有限公司,袋,2,,,6,厦门鹭燕大药房有限公司,2022/10/19 10:48
49280,糠酸莫米松乳膏(羚锐止痒平),,0.1%(10克：10毫克),河南羚锐生物药业有限公司,支,2,,,6,厦门鹭燕大药房有限公司,2023/6/30 15:30
42121,双氯芬酸钠气雾剂,,30g,广东同德药业有限公司,瓶,2,,,6,厦门鹭燕大药房有限公司,2022/10/19 10:48
42826,麝香壮骨膏,,9cm×13cm*8贴,安徽安科余良卿药业有限公司,盒,2,,,6,厦门鹭燕大药房有限公司,2022/10/19 10:48
23468,活血止痛膏,,7cm*10cm*10贴,安徽安科余良卿药业有限公司,盒,2,,,6,厦门鹭燕大药房有限公司,2022/10/19 10:48
23469,活血止痛膏,,7cm*10cm*5贴,安徽安科余良卿药业有限公司,盒,2,,,6,厦门鹭燕大药房有限公司,2022/10/19 10:48
62779,黄连上清片,,0.24g*60片,伊春五加参药业有限责任公司,盒,2,,,6,厦门鹭燕大药房有限公司,2023/9/28 11:21
211309,雪梨膏,,150g,武汉太福制药有限公司,盒,2,,,6,厦门鹭燕大药房有限公司,2022/10/19 10:48
186135,午时茶颗粒,,6g*18袋,武汉太福制药有限公司,包,2,,,6,厦门鹭燕大药房有限公司,2022/10/19 10:48
466315,益母草颗粒,,15g*14袋,广西日田药业集团有限责任公司,盒,2,,,6,厦门鹭燕大药房有限公司,2023/3/30 23:13
460261,二丁颗粒,,每袋装20g*12袋,广西圣特药业有限公司,盒,1,,,6,厦门鹭燕大药房有限公司,2022/10/24 8:13
483450,接触性创面敷贴,,普通型 5cm*8cm 居中衬垫2.2cm*5cm,稳健医疗用品股份有限公司,袋,2,,,6,厦门鹭燕大药房有限公司,2023/9/28 11:24
483449,接触性创面敷贴,,普通型 11cm*15cm 居中衬垫：6cm*10cm,稳健医疗用品股份有限公司,袋,2,,,6,厦门鹭燕大药房有限公司,2023/9/28 11:24
286553,双唑泰阴道凝胶,,5g*2支,山东明仁福瑞达制药股份有限公司,盒,2,,,6,厦门鹭燕大药房有限公司,2022/10/19 10:48
73692,四季抗病毒合剂,,120ml,陕西海天制药有限公司,盒,2,,,6,厦门鹭燕大药房有限公司,2022/10/19 10:48
414363,百合固金口服液,,10ml*6瓶,陕西海天制药有限公司,盒,2,,,6,厦门鹭燕大药房有限公司,2023/9/28 11:23
266011,四季抗病毒胶囊,,0.38g*12粒*2板,陕西海天制药有限公司,盒,2,,,6,厦门鹭燕大药房有限公司,2023/9/28 16:23
36540,复方倍氯米松樟脑乳膏,,10g,上海延安药业(湖北)有限公司,支,2,,,6,厦门鹭燕大药房有限公司,2022/10/19 10:48
375467,特制狗皮膏,,7cm*10cm*6贴/袋,沈阳东陵药业股份有限公司,盒,2,,,6,厦门鹭燕大药房有限公司,2022/10/19 10:48
431566,维满C 维生素C泡腾片(甜橙味),,52.5g(3.5g/片*15片）,汤臣倍健股份有限公司,瓶,2,,,6,厦门鹭燕大药房有限公司,2022/10/19 10:48
417196,汤臣倍健R褪黑素片,,24g(400mg/片*60片),汤臣倍健股份有限公司,瓶,2,,,6,厦门鹭燕大药房有限公司,2022/10/19 10:48
387286,健力多R氨糖软骨素钙片,,285.6g(1.02g*100片/瓶*2瓶+1.02g*40片/瓶*2瓶),汤臣倍健股份有限公司,盒,2,,,6,厦门鹭燕大药房有限公司,2022/10/19 10:48
373250,汤臣倍健R牛初乳加钙咀嚼片,,144g(1.2g/片*60片/瓶*2瓶),汤臣倍健股份有限公司,盒,2,,,6,厦门鹭燕大药房有限公司,2022/10/19 10:48
367172,汤臣倍健RB族维生素片,,100g(500mg/片*100片/瓶*2瓶),汤臣倍健股份有限公司,盒,2,,,6,厦门鹭燕大药房有限公司,2022/10/19 10:48
365269,汤臣倍健R维生素C片(甜橙味),,780mg*100片*2瓶,汤臣倍健股份有限公司,盒,2,,,6,厦门鹭燕大药房有限公司,2022/10/19 10:48
313009,汤臣倍健R钙维生素D维生素K软胶囊(优惠装),,400g(1000mg*200粒/瓶*2瓶),汤臣倍健股份有限公司,盒,2,,,6,厦门鹭燕大药房有限公司,2022/10/19 10:48
71966,汤臣倍健R蛋白粉,汤臣倍健蛋白粉,450g,汤臣倍健股份有限公司,罐,2,,,6,厦门鹭燕大药房有限公司,2022/10/19 10:48
35616,元秘牌元秘-D口服液,,100ml,通化一洋保健品有限公司,瓶,4,,,6,厦门鹭燕大药房有限公司,2022/10/19 10:48
290601,人绒毛膜促性腺激素(HCG)胶体金快速检测试纸(胶体金法),早早孕检测试纸,卡型 1人份/盒,深圳市康乃格生物技术有限公司,盒,2,,,6,厦门鹭燕大药房有限公司,2023/9/28 11:22
290752,人绒毛膜促性腺激素(HCG)胶体金快速检测试纸(胶体金法),早早孕检测试纸,笔型 1人份/盒,深圳市康乃格生物技术有限公司,盒,2,,,6,厦门鹭燕大药房有限公司,2023/8/31 11:29
199508,葡萄糖粉剂,,20g/包*18包/袋(复方),重庆和平制药有限公司,袋,2,,,6,厦门鹭燕大药房有限公司,2022/10/19 10:48
71726,益母草颗粒,,15g*8袋,北京同仁堂天然药物(唐山)有限公司,盒,2,,,6,厦门鹭燕大药房有限公司,2023/5/22 10:15
229709,益母草颗粒,,15g*12袋,北京同仁堂天然药物(唐山)有限公司,盒,2,,,6,厦门鹭燕大药房有限公司,2022/10/19 10:48
31459,左氧氟沙星片,可乐必妥,0.1g*10片,第一三共制药(北京)有限公司,盒,2,,,6,厦门鹭燕大药房有限公司,2022/10/19 10:48
233271,医用阴道冲洗器,,中号,南昌市朝阳医疗保健用品有限公司,个,5,,,6,厦门鹭燕大药房有限公司,2022/10/19 10:48
349412,马来酸氯苯那敏片,,4mg*100片,新乡市常乐制药有限责任公司,瓶,2,,,6,厦门鹭燕大药房有限公司,2022/10/19 10:48
36876,百艾洗液,,200ml,湖南守护神制药有限公司,瓶,2,,,6,厦门鹭燕大药房有限公司,2023/9/28 11:18
52689,蒲公英颗粒,,5g*10袋,江西心诚药业有限公司,盒,2,,,6,厦门鹭燕大药房有限公司,2022/10/19 10:48
82600,足光散,,40g*3袋,湖北人福成田药业有限公司,盒,2,,,6,厦门鹭燕大药房有限公司,2022/10/19 10:48
36992,阿昔洛韦乳膏,,10g:0.3g,湖北人福成田药业有限公司,支,2,,,6,厦门鹭燕大药房有限公司,2022/10/19 10:48
75934,樟薄玉香软膏,,19.4g,虎豹医药保健有限公司,瓶,2,,,6,厦门鹭燕大药房有限公司,2022/10/19 10:48
42470,奥美拉唑肠溶胶囊,,20mg*14粒,河北山姆士药业有限公司,盒,2,,,6,厦门鹭燕大药房有限公司,2022/10/19 10:48
53545,盐酸二甲双胍缓释片,,0.5g*24片,河北山姆士药业有限公司,盒,2,,,6,厦门鹭燕大药房有限公司,2023/6/30 15:30
34437,盐酸氨溴索口服溶液,,0.3%*100ml,江苏汉晨药业有限公司,瓶,2,,,6,厦门鹭燕大药房有限公司,2022/10/19 10:48
34490,依马打正红花油,,25ml,深圳金活利生药业有限公司,瓶,2,,,6,厦门鹭燕大药房有限公司,2023/9/28 11:18
31541,万应茶,,3g*12袋,永定采善堂制药有限公司,盒,2,,,6,厦门鹭燕大药房有限公司,2022/10/19 10:48
62257,左炔诺孕酮片,,1.5mg*1片,Gedeon Richter Plc.匈牙利,盒,2,,,6,厦门鹭燕大药房有限公司,2022/10/19 10:48
37486,康腹止泻片,,0.24g*24片,"TAIKO PHARMACEUTICAL CO., LTD日本大幸",盒,2,,,6,厦门鹭燕大药房有限公司,2022/10/19 10:48
48699,藿香正气胶囊,,0.3g*12粒*2板,江西新远健药业有限公司,盒,2,,,6,厦门鹭燕大药房有限公司,2022/10/19 10:48
89716,复方丹参片,,每片重0.32克(相当于饮片0.6克）200片,郑州瑞龙制药股份有限公司,瓶,2,,,6,厦门鹭燕大药房有限公司,2022/10/19 10:48
464232,复方大青叶合剂,,10ml*10支,荣昌制药(淄博)有限公司,盒,2,,,6,厦门鹭燕大药房有限公司,2022/11/8 16:16
340060,舒肝和胃丸,,6g*6袋,荣昌制药(淄博)有限公司,盒,2,,,6,厦门鹭燕大药房有限公司,2022/10/19 10:48
400223,医用退热贴,,120mm*50mm*4贴,荣昌制药(淄博)有限公司,盒,2,,,6,厦门鹭燕大药房有限公司,2022/10/19 10:48
46750,消炎镇痛膏,,3贴*2袋,江西吉安三力制药有限公司,盒,2,,,6,厦门鹭燕大药房有限公司,2022/10/19 10:48
268740,阿昔洛韦乳膏,,"10g:0.3g(3%),15g",江西吉安三力制药有限公司,支,2,,,6,厦门鹭燕大药房有限公司,2022/10/19 10:48
206369,益气养血口服液,,10ml*12支,通化汇金堂药业股份有限公司,盒,2,,,6,厦门鹭燕大药房有限公司,2022/10/19 10:48
54122,细菌溶解产物胶囊,泛福舒,3.5mg*10粒,OM Pharma SA 瑞士欧姆,盒,2,,,6,厦门鹭燕大药房有限公司,2023/9/28 11:20
114627,京都念慈菴蜜炼川贝枇杷膏,,300ml,京都念慈庵总厂有限公司,瓶,2,,,6,厦门鹭燕大药房有限公司,2022/10/19 10:48
395776,强力枇杷露,,180ml(无糖型),哈尔滨市康隆药业有限责任公司,瓶,2,,,6,厦门鹭燕大药房有限公司,2023/6/30 15:35
442140,医用退热贴,,BB-01V型退热应急装 112.5mm*40mm*5贴,珠海国佳新材股份有限公司,盒,2,,,6,厦门鹭燕大药房有限公司,2022/10/19 10:48
342029,医用退热贴,,BB-01Ⅱ型儿童装112.5mm*40mm*2贴/袋*6袋/盒,珠海国佳新材股份有限公司,盒,2,,,6,厦门鹭燕大药房有限公司,2022/10/19 10:48
466148,健胃消食片,,10片*5板(每片重0.5g),悦康药业集团安徽天然制药有限公司,盒,2,,,6,厦门鹭燕大药房有限公司,2023/6/30 15:42
489876,安宫牛黄丸,,3g*1丸(体外培育牛黄),龙晖药业有限公司,盒,1,,,6,厦门鹭燕大药房有限公司,2023/6/30 15:43
333889,骨通贴膏,,8cm*13cm聚异丁烯型*2贴*3袋,桂林华润天和药业有限公司,盒,2,,,6,厦门鹭燕大药房有限公司,2023/9/28 11:22
73258,骨通贴膏,,7cm*10cm*2贴*5袋,桂林华润天和药业有限公司,盒,2,,,6,厦门鹭燕大药房有限公司,2022/10/19 10:48
66593,天和追风膏,,7cm*10cm*5贴*2袋,桂林华润天和药业有限公司,盒,2,,,6,厦门鹭燕大药房有限公司,2022/10/19 10:48
268571,蒲地蓝消炎片,,0.6g*48片,哈尔滨市龙生北药生物工程股份有限公司,盒,2,,,6,厦门鹭燕大药房有限公司,2022/10/19 10:48
229436,头孢地尼胶囊,,0.1g*12粒,浙江巨泰药业有限公司,盒,2,,,6,厦门鹭燕大药房有限公司,2022/10/19 10:48
80754,卡托普利片,,25mg*100片,国药集团汕头金石制药有限公司,瓶,2,,,6,厦门鹭燕大药房有限公司,2022/10/19 10:48
78754,尼群地平片,,10mg*100片,国药集团汕头金石制药有限公司,瓶,2,,,6,厦门鹭燕大药房有限公司,2022/10/19 10:48
97540,鼻炎康片,,0.37g*150片,国药集团德众(佛山)药业有限公司,瓶,2,,,6,厦门鹭燕大药房有限公司,2022/10/19 10:48
274818,米诺地尔酊,蔓迪,5%(90ml：4.5g),浙江万晟药业有限公司,瓶,1,,,6,厦门鹭燕大药房有限公司,2022/10/19 10:48
452121,医用碘伏棉球,,25只(0.2g/只),浙江欧洁科技股份有限公司,瓶,2,,,6,厦门鹭燕大药房有限公司,2022/10/19 10:48
450739,医用碘伏棉棒,,80mm*20支(定量填充型),浙江欧洁科技股份有限公司,盒,10,,,6,厦门鹭燕大药房有限公司,2022/10/19 10:48
422116,医用脱脂纱布块,,无菌型 80mm*80mm*8P(5块装),浙江欧洁科技股份有限公司,包,3,,,6,厦门鹭燕大药房有限公司,2022/10/19 10:48
74430,铁笛片,,1g*24片,成都神鹤药业有限责任公司,盒,2,,,6,厦门鹭燕大药房有限公司,2022/10/19 10:48
416199,盐酸特比萘芬凝胶,,(10g:0.1g)15克,保定天浩制药有限公司,盒,1,,,6,厦门鹭燕大药房有限公司,2023/3/30 23:06
92064,前列舒通胶囊,,0.4g*36粒,保定天浩制药有限公司,盒,2,,,6,厦门鹭燕大药房有限公司,2022/10/19 10:48
78574,盐酸特比萘芬片,倍佳,0.125g*6片,保定天浩制药有限公司,盒,2,,,6,厦门鹭燕大药房有限公司,2023/9/28 16:24
78575,盐酸特比萘芬溶液,倍佳,(10ml:0.1g)20ml/瓶,保定天浩制药有限公司,盒,2,,,6,厦门鹭燕大药房有限公司,2023/6/30 15:31
86461,盐酸二甲双胍片,,0.25g*48片,北京京丰制药集团有限公司,盒,2,,,6,厦门鹭燕大药房有限公司,2022/10/19 10:48
98287,克霉唑阴道片,宝丽婷,500mg*2片,浙江圣博康药业有限公司,盒,2,,,6,厦门鹭燕大药房有限公司,2022/10/19 10:48
364763,医用外科口罩,,灭菌级17cm*9cm-3P长方形(挂耳),稳健医疗(黄冈)有限公司,只,20,,,6,厦门鹭燕大药房有限公司,2022/10/19 10:48
363055,医用纱布片,,10cm*10cm-8P(2片装),稳健医疗(黄冈)有限公司,袋,5,,,6,厦门鹭燕大药房有限公司,2022/10/19 10:48
189507,摩罗丹,,9g*9丸,邯郸制药股份有限公司,盒,2,,,6,厦门鹭燕大药房有限公司,2023/9/28 16:27
291010,盐酸雷尼替丁胶囊,,0.15g*42粒,佛山手心制药有限公司,瓶,2,,,6,厦门鹭燕大药房有限公司,2022/10/19 10:48
79696,开喉剑喷雾剂,,"20ml(每1ml相当于饮片0.876g,含薄荷脑1mg)",贵州三力制药股份有限公司,瓶,2,,,6,厦门鹭燕大药房有限公司,2022/10/19 10:48
87652,开喉剑喷雾剂(儿童型),,15ml,贵州三力制药股份有限公司,瓶,2,,,6,厦门鹭燕大药房有限公司,2022/10/19 10:48
102411,乳癖消片,,0.67g*36片,辽宁上药好护士药业(集团)有限公司,盒,2,,,6,厦门鹭燕大药房有限公司,2022/10/19 10:48
98609,复方地巴唑氢氯噻嗪胶囊,复方降压胶囊,60粒,山西皇城相府药业股份有限公司,盒,2,,,6,厦门鹭燕大药房有限公司,2023/2/24 8:33
343153,复方黄柏液涂剂,,120ml（每1ml相当于饮片0.2g）,山东汉方制药有限公司,瓶,2,,,6,厦门鹭燕大药房有限公司,2023/9/28 11:22
97117,枸橼酸西地那非片,金戈,50mg*1片,广州白云山医药集团股份有限公司白云山制药总厂,盒,2,,,6,厦门鹭燕大药房有限公司,2022/10/19 10:48
88474,小儿止咳糖浆,,120ml,华润三九(雅安)药业有限公司,瓶,2,,,6,厦门鹭燕大药房有限公司,2022/10/19 10:48
269205,强力枇杷露,,120ml,华润三九(雅安)药业有限公司,瓶,2,,,6,厦门鹭燕大药房有限公司,2023/10/31 16:05
417125,龙牡壮骨颗粒,,5g*60袋,健民药业集团股份有限公司,盒,1,,,6,厦门鹭燕大药房有限公司,2022/10/19 10:48
318476,多糖铁复合物胶囊,红源达,0.15g(按Fej计算)*12粒,上海医药集团青岛国风药业股份有限公司,盒,2,,,6,厦门鹭燕大药房有限公司,2022/10/19 10:48
83968,美沙拉秦缓释颗粒,,500mg*10袋,上海爱的发制药有限公司,盒,2,,,6,厦门鹭燕大药房有限公司,2023/6/30 15:31
145467,益母草颗粒,,15g*10袋,葵花药业集团(襄阳)隆中有限公司,盒,2,,,6,厦门鹭燕大药房有限公司,2022/10/19 10:48
206869,小儿柴桂退热颗粒,,5g*10袋,葵花药业集团(襄阳)隆中有限公司,盒,2,,,6,厦门鹭燕大药房有限公司,2022/10/19 10:48
409781,金银花露,,250ml(每1ml相当于饮片0.0625g),葵花药业集团(襄阳)隆中有限公司,瓶,2,,,6,厦门鹭燕大药房有限公司,2023/10/31 16:05
80414,盐酸氨溴索分散片,,30mg*20片,烟台东诚大洋制药有限公司,盒,2,,,6,厦门鹭燕大药房有限公司,2022/10/19 10:48
91491,逍遥丸,,360丸,仲景宛西制药股份有限公司,瓶,2,,,6,厦门鹭燕大药房有限公司,2022/10/19 10:48
102106,香砂六君丸,,300丸(每8丸相当于原生药3g),仲景宛西制药股份有限公司,瓶,2,,,6,厦门鹭燕大药房有限公司,2022/10/19 10:48
102062,归脾丸,,300丸(每8丸相当于原生药3g),仲景宛西制药股份有限公司,瓶,2,,,6,厦门鹭燕大药房有限公司,2022/10/19 10:48
91536,知柏地黄丸,,360丸,仲景宛西制药股份有限公司,瓶,2,,,6,厦门鹭燕大药房有限公司,2022/10/19 10:48
91535,六味地黄丸,,360丸,仲景宛西制药股份有限公司,瓶,2,,,6,厦门鹭燕大药房有限公司,2022/10/19 10:48
463941,左归丸,,9g*6袋(每10粒重1g),仲景宛西制药股份有限公司,盒,1,,,6,厦门鹭燕大药房有限公司,2023/9/28 11:17
91390,右归丸,,9g*9袋,仲景宛西制药股份有限公司,盒,2,,,6,厦门鹭燕大药房有限公司,2023/9/28 16:25
91578,香砂养胃丸,,360丸,仲景宛西制药股份有限公司,瓶,2,,,6,厦门鹭燕大药房有限公司,2023/6/30 15:31
91570,杞菊地黄丸,,360丸(每8丸相当于原药材3g),仲景宛西制药股份有限公司,瓶,2,,,6,厦门鹭燕大药房有限公司,2023/6/30 15:31
102129,补中益气丸,,300丸,仲景宛西制药股份有限公司,盒,2,,,6,厦门鹭燕大药房有限公司,2022/10/19 10:48
102111,保和丸,,300丸(每8丸相当于原生药3g),仲景宛西制药股份有限公司,瓶,2,,,6,厦门鹭燕大药房有限公司,2022/10/19 10:48
93294,黄连上清丸,,6g*10袋,仲景宛西制药股份有限公司,盒,2,,,6,厦门鹭燕大药房有限公司,2022/10/19 10:48
438442,头孢克肟颗粒,达力芬,按C16H15N5O7S2计算50mg(无糖型)*6包,国药集团致君(深圳)制药有限公司,盒,2,,,6,厦门鹭燕大药房有限公司,2022/10/19 10:48
85276,磷酸奥司他韦颗粒,可威,15mg*10袋,宜昌东阳光长江药业股份有限公司,盒,2,,,6,厦门鹭燕大药房有限公司,2022/10/19 10:48
89422,磷酸奥司他韦胶囊,可威,75mg*10粒,宜昌东阳光长江药业股份有限公司,盒,2,,,6,厦门鹭燕大药房有限公司,2022/10/19 10:48
95183,双氯芬酸钠缓释片,,0.1g*12片,国药集团致君(深圳)坪山制药有限公司,盒,2,,,6,厦门鹭燕大药房有限公司,2023/9/28 16:27
86391,氯雷他定片,逸舒长,10mg*8片,广东逸舒制药股份有限公司,盒,2,,,6,厦门鹭燕大药房有限公司,2022/10/19 10:48
98407,玉屏风颗粒,,5g*18袋,国药集团广东环球制药有限公司,盒,2,,,6,厦门鹭燕大药房有限公司,2022/10/19 10:48
161127,双氯芬酸钠缓释片,,0.1g*22片,湖南华纳大药厂股份有限公司,盒,2,,,6,厦门鹭燕大药房有限公司,2022/10/19 10:48
116649,阿咖酚散,,"100包(每包含对乙酰氨基酚0.126g,阿司匹林0.23g,咖啡因30mg)",广州白云山医药集团股份有限公司白云山何济公制药厂,盒,2,,,6,厦门鹭燕大药房有限公司,2023/9/28 11:21
102012,曲咪新乳膏,,10g,广州白云山医药集团股份有限公司白云山何济公制药厂,支,2,,,6,厦门鹭燕大药房有限公司,2022/10/19 10:48
114590,京都念慈菴蜜炼川贝枇杷膏,,150ml,京都念慈菴总厂有限公司,瓶,2,,,6,厦门鹭燕大药房有限公司,2022/10/19 10:48
463942,人工牛黄甲硝唑胶囊,,"10粒*3板(每粒含甲硝唑0.2g,人工牛黄5mg)",吉林显锋科技制药有限公司,盒,2,,,6,厦门鹭燕大药房有限公司,2023/2/24 8:38
142767,老范志万应神曲,,30g*10块(铁盒),泉州中侨药业有限公司,盒,1,,,6,厦门鹭燕大药房有限公司,2022/10/19 10:48
141947,珍珠末,,0.3g*20瓶,泉州中侨药业有限公司,盒,2,,,6,厦门鹭燕大药房有限公司,2022/10/19 10:48
291864,盐酸左氧氟沙星片,,0.5g*7片,南京正科医药股份有限公司,盒,2,,,6,厦门鹭燕大药房有限公司,2022/10/19 10:48
408987,头孢克肟分散片,,0.1g（按C16H15N507S2计）*16片,海南葫芦娃药业集团股份有限公司,盒,2,,,6,厦门鹭燕大药房有限公司,2023/2/24 8:36
424590,医用棉签,,A1型 通用型 10cm*50支/袋(灭菌级),稳健医疗(嘉鱼)有限公司,袋,5,,,6,厦门鹭燕大药房有限公司,2022/10/19 10:48
101452,富马酸酮替芬片,,1mg*60片,苏州弘森药业股份有限公司,瓶,2,,,6,厦门鹭燕大药房有限公司,2022/10/19 10:48
235556,三黄片,,0.26g*12片*2板,湖北仁悦药业股份有限公司,盒,2,,,6,厦门鹭燕大药房有限公司,2022/10/19 10:48
105828,硫酸羟氯喹片,纷乐,0.1g*14片,上海上药中西制药有限公司,盒,2,,,6,厦门鹭燕大药房有限公司,2022/10/19 10:48
110575,十滴水,,5ml*10支,广西慧宝源医药科技有限公司,盒,2,,,6,厦门鹭燕大药房有限公司,2022/10/19 10:48
164867,雷贝拉唑钠肠溶片,瑞波特,10mg*7片,江苏豪森药业集团有限公司,盒,2,,,6,厦门鹭燕大药房有限公司,2022/10/19 10:48
107227,奥氮平片,欧兰宁,5mg*14片,江苏豪森药业集团有限公司,盒,2,,,6,厦门鹭燕大药房有限公司,2023/9/28 11:21
466318,人工牛黄甲硝唑胶囊,,"12粒*2板(甲硝唑0.2g,人工牛黄5mg)",江西汇仁药业股份有限公司,盒,2,,,6,厦门鹭燕大药房有限公司,2023/3/30 23:14
466316,强力枇杷露,,150ml/瓶,江西汇仁药业股份有限公司,瓶,2,,,6,厦门鹭燕大药房有限公司,2023/3/30 23:13
484272,奥美拉唑肠溶胶囊,,20mg*14粒,江西汇仁药业股份有限公司,盒,2,,,6,厦门鹭燕大药房有限公司,2023/5/29 16:15
474809,右布洛芬片,,0.2g*6片*2板,江西汇仁药业股份有限公司,盒,2,,,6,厦门鹭燕大药房有限公司,2023/4/3 16:48
334443,阿胶,,红标250g,东阿阿胶股份有限公司,盒,1,,,6,厦门鹭燕大药房有限公司,2023/2/24 8:35
179487,复方阿胶浆,,20ml*48支(无蔗糖),东阿阿胶股份有限公司,提,1,,,6,厦门鹭燕大药房有限公司,2022/10/19 10:48
335045,肤痒颗粒,,9g*10袋,兰州和盛堂制药股份有限公司,盒,2,,,6,厦门鹭燕大药房有限公司,2023/3/30 23:02
214648,瑞格列奈片,诺和龙,1.0mg*30片,Boehringer Ingelheim Pharma GmbH & Co.KG 德国,盒,2,,,6,厦门鹭燕大药房有限公司,2022/10/19 10:48
272950,匹伐他汀钙片,,2mg*14片,江苏万邦生化医药集团有限责任公司,盒,2,,,6,厦门鹭燕大药房有限公司,2023/3/30 23:00
413206,非布司他片,,40mg*8片*3板,江苏万邦生化医药集团有限责任公司,盒,2,,,6,厦门鹭燕大药房有限公司,2022/10/19 10:48
301181,潘高寿川贝枇杷糖,,39.6g(2.2g*18粒),广州市潘高寿天然保健品有限公司,盒,3,,,6,厦门鹭燕大药房有限公司,2022/10/19 10:48
190457,麝香祛痛气雾剂,,72g(含药液56ml),杭州苏泊尔南洋药业有限公司,瓶,2,,,6,厦门鹭燕大药房有限公司,2023/10/31 16:03
215928,安胎丸,,6g*10丸,江西省芙蓉堂药业股份有限公司,盒,2,,,6,厦门鹭燕大药房有限公司,2022/10/19 10:48
341135,菊花（胎菊）,,50g/瓶,安徽药知源中药饮片有限公司,瓶,3,,,6,厦门鹭燕大药房有限公司,2023/2/24 8:35
330858,盐酸西替利嗪片,,10mg*6片*2板,四川双新制药有限公司,盒,2,,,6,厦门鹭燕大药房有限公司,2023/3/30 23:02
387672,复方醋酸地塞米松乳膏,,10g:7.5mg*20g,辽宁新高制药有限公司,盒,2,,,6,厦门鹭燕大药房有限公司,2022/10/19 10:48
247383,硝酸益康唑喷雾剂,,60ml(1%),辽宁新高制药有限公司,瓶,2,,,6,厦门鹭燕大药房有限公司,2023/6/30 15:32
182590,薏芽健脾凝胶,,10.6g*18袋,亚宝药业贵阳制药有限公司,盒,2,,,6,厦门鹭燕大药房有限公司,2022/10/19 10:48
231350,六神丸,,(人工麝香)每1000粒重3.125g*10粒*6支,雷允上药业集团有限公司,盒,2,,,6,厦门鹭燕大药房有限公司,2022/10/19 10:48
380744,莫匹罗星软膏,,8g/支*1支,河北九正药业有限公司,盒,2,,,6,厦门鹭燕大药房有限公司,2023/9/28 11:22
284672,黄体酮软胶囊,安琪坦,0.1g*30粒,"Cyndea Pharma, S.L.西班牙",盒,2,,,6,厦门鹭燕大药房有限公司,2022/10/19 10:48
448341,桉柠蒎肠溶胶囊,,按桉柠蒎油计0.3g/粒*45粒,北京远大九和药业有限公司,盒,1,,,6,厦门鹭燕大药房有限公司,2023/6/30 15:40
432875,西洋参,,"2g原丛,100g",广东泰升药业有限公司,g,200,,,6,厦门鹭燕大药房有限公司,2023/2/24 8:37
387309,西洋参,,"2g圆粒,100g",广东泰升药业有限公司,g,200,,,6,厦门鹭燕大药房有限公司,2023/2/24 8:36
386139,西洋参,,"15g选片,100g",广东泰升药业有限公司,g,200,,,6,厦门鹭燕大药房有限公司,2023/2/24 8:36
386106,西洋参,,"5g圆粒,100g",广东泰升药业有限公司,g,200,,,6,厦门鹭燕大药房有限公司,2023/2/24 8:36
386102,西洋参,,"1.5g圆粒,100g",广东泰升药业有限公司,g,200,,,6,厦门鹭燕大药房有限公司,2023/2/24 8:36
464977,西洋参,,"5-7g圆粒,150g",广东泰升药业有限公司,盒,1,,,6,厦门鹭燕大药房有限公司,2023/3/30 23:13
458917,西洋参,,卷片(5#) 60g,广东泰升药业有限公司,瓶,3,,,6,厦门鹭燕大药房有限公司,2023/3/30 23:12
6,乳果糖口服溶液,杜密克,15ml*6袋,Abbott Biologicals B.V.荷兰,盒,2,,,6,厦门鹭燕大药房有限公司,2022/10/19 10:48
473811,风寒感冒颗粒,,8g*8袋,健民集团叶开泰国药（随州）有限公司,盒,2,,,6,厦门鹭燕大药房有限公司,2023/6/30 15:42
378171,艾粉,,20g/包,湖北李时珍中药饮片有限公司,包,2,,,6,厦门鹭燕大药房有限公司,2023/2/24 8:36
361592,番泻叶颗粒,,10g*6袋,江苏艾迪药业股份有限公司,盒,2,,,6,厦门鹭燕大药房有限公司,2022/10/19 10:48
534,戊酸雌二醇片,补佳乐,1mg*21片,DELPHARM Lille S.A.S(拜耳医药保健有限公司广州分公司),盒,2,,,6,厦门鹭燕大药房有限公司,2022/10/19 10:48
416471,丙酸氟替卡松鼻喷雾剂,辅舒良,"50μg*120喷(每瓶120喷;每喷含丙酸氟替卡松50微克,药液浓度为0.05%(克/克))",Glaxo Wellcome S.A.西班牙,瓶,2,,,6,厦门鹭燕大药房有限公司,2022/10/19 10:48
412647,藿香正气合剂,,10ml*12支,恩威(江西)制药有限公司委托(四川恩威制药有限公司),盒,2,,,6,厦门鹭燕大药房有限公司,2022/10/19 10:48
404075,甲硝唑芬布芬胶囊,,0.1g:75mg*10粒,广州欧化药业有限公司委托(广东华南药业集团有限公司),盒,2,,,6,厦门鹭燕大药房有限公司,2022/10/19 10:48
324232,盐酸莫西沙星片,,0.4g*3片,广东东阳光药业有限公司,盒,2,,,6,厦门鹭燕大药房有限公司,2023/9/28 16:24
394997,复方板蓝根颗粒,,15g*20袋,广州白云山和记黄埔中药有限公司委托(广州白云山和记黄埔中药(亳州)有限公司),袋,2,,,6,厦门鹭燕大药房有限公司,2022/10/19 10:48
357611,复合维生素片,爱乐维,40片,Bayer S.A(拜耳医药保健有限公司启东分公司),盒,1,,,6,厦门鹭燕大药房有限公司,2022/10/19 10:48
416651,无菌棉签,,灭菌级10cm*100支装,青岛科美生物工程有限公司,包,5,,,6,厦门鹭燕大药房有限公司,2022/10/19 10:48
284775,科美丽康牌碘伏消毒液,,100ml(喷剂型),青岛科美生物工程有限公司,瓶,3,,,6,厦门鹭燕大药房有限公司,2022/10/19 10:48
284772,棉签,,KMMQ-01 10cm±1cm*100支,青岛科美生物工程有限公司,袋,5,,,6,厦门鹭燕大药房有限公司,2022/10/19 10:48
254453,养血清脑丸,,2.5g*9袋,天士力医药集团股份有限公司,盒,2,,,6,厦门鹭燕大药房有限公司,2022/10/19 10:48
232014,养血清脑颗粒,,4g*15袋,天士力医药集团股份有限公司,盒,2,,,6,厦门鹭燕大药房有限公司,2022/10/19 10:48
268300,藿香正气滴丸,,2.6g*9袋,天士力医药集团股份有限公司,盒,2,,,6,厦门鹭燕大药房有限公司,2022/10/19 10:48
268343,穿心莲内酯滴丸,,0.15g*12袋,天士力医药集团股份有限公司,盒,2,,,6,厦门鹭燕大药房有限公司,2022/10/19 10:48
262176,复方丹参滴丸,,27mg*150丸*2瓶,天士力医药集团股份有限公司,盒,2,,,6,厦门鹭燕大药房有限公司,2022/10/19 10:48
262178,荆花胃康胶丸,,80mg*6粒*2板,天士力医药集团股份有限公司,盒,2,,,6,厦门鹭燕大药房有限公司,2022/10/19 10:48
223789,复方丹参滴丸,,27mg*180丸,天士力医药集团股份有限公司,盒,2,,,6,厦门鹭燕大药房有限公司,2022/10/19 10:48
465139,医用外科口罩,,1只*17.5cm*9.5cm平面型耳挂式 普通无纺布型 BFE95型 灭菌级,湖南康沃医疗用品有限公司,片,2,,,6,厦门鹭燕大药房有限公司,2023/2/24 8:38
465138,医用外科口罩,,10只*17.5cm*9.5cm 平面型耳挂式 普通无纺布型 BFE95型 灭菌级,湖南康沃医疗用品有限公司,袋,2,,,6,厦门鹭燕大药房有限公司,2023/2/24 8:38
471022,医用外科口罩,,10只*17.5cm*9.5cm 平面型耳挂式/普通无纺布型/BFE95型/灭菌级(红色福兔款),湖南康沃医疗用品有限公司,袋,3,,,6,厦门鹭燕大药房有限公司,2023/3/30 23:14
331741,棉签,全棉空间,竹棒型 单头10cm*100支,湖南康沃医疗用品有限公司,包,2,,,6,厦门鹭燕大药房有限公司,2023/6/30 15:34
453286,肺宁颗粒,,每袋装10g*15袋,柳河长隆制药有限公司,盒,1,,,6,厦门鹭燕大药房有限公司,2023/3/30 23:10
413788,生脉饮,,10ml*10支,北京同仁堂科技发展(唐山)有限公司,盒,2,,,6,厦门鹭燕大药房有限公司,2022/10/19 10:48
371814,甲硝唑片,,0.2g*12片*2板,湖北美宝药业股份有限公司,盒,2,,,6,厦门鹭燕大药房有限公司,2022/10/19 10:48
412394,非洛地平缓释片,,5mg*30片,阿斯利康制药有限公司委托阿斯利康药业（中国）有限公司,盒,1,,,6,厦门鹭燕大药房有限公司,2022/10/19 10:48
366881,非洛地平缓释片,波依定,5mg*10片,阿斯利康制药有限公司委托阿斯利康药业（中国）有限公司,盒,2,,,6,厦门鹭燕大药房有限公司,2022/10/19 10:48
391747,沙美特罗替卡松吸入粉雾剂,舒利迭,50μg/250μg/泡*60泡,Glaxo Wellcome Production 法国,盒,1,,,6,厦门鹭燕大药房有限公司,2023/9/28 11:17
360123,小柴胡颗粒,,10g*10袋,云南植物药业有限公司委托(云南郡筹制药有限公司),盒,2,,,6,厦门鹭燕大药房有限公司,2023/9/28 16:27
413351,消肿止痛酊,,33ml,广西壮族自治区花红药业集团股份公司,瓶,2,,,6,厦门鹭燕大药房有限公司,2022/10/19 10:48
495455,肠炎宁片,,每片重0.42g*36片,江西康恩贝中药有限公司,盒,2,,,6,厦门鹭燕大药房有限公司,2023/8/31 11:31
267072,肠炎宁片,,0.42g*60片,江西康恩贝中药有限公司,盒,2,,,6,厦门鹭燕大药房有限公司,2022/10/19 10:48
298363,冰硼散,,0.6g*10瓶,灵源药业有限公司,盒,2,,,6,厦门鹭燕大药房有限公司,2022/10/19 10:48
352152,双氯芬酸钠缓释胶囊,英太青,50mg*30粒,药大制药有限公司,盒,2,,,6,厦门鹭燕大药房有限公司,2022/10/19 10:48
358940,维生素C泡腾片,力度伸,1g*10片,拜耳医药保健有限公司委托(山东新华制药股份有限公司),盒,2,,,6,厦门鹭燕大药房有限公司,2022/10/19 10:48
368827,复方对乙酰氨基酚片(Ⅱ),散利痛,每片含对乙氨基酚250mg，异丙安替比林150mg，无水咖啡因50mg*20片,拜耳医药保健有限公司委托(山东新华制药股份有限公司),盒,2,,,6,厦门鹭燕大药房有限公司,2022/10/19 10:48
365168,维生素C泡腾片,力度伸,1g*30片,拜耳医药保健有限公司委托(山东新华制药股份有限公司),盒,2,,,6,厦门鹭燕大药房有限公司,2022/10/19 10:48
442614,一次性使用医用外科口罩,,大号 17cm*9.5cm*1片装,厦门蓝星企业有限公司,片,200,,,6,厦门鹭燕大药房有限公司,2022/10/19 10:48
243382,玻璃酸钠滴眼液,爱丽,5ml:5mg*1支,"Santen Pharmaceutical Co., Ltd., Noto Plant参天制药株式会社能登工厂",盒,2,,,6,厦门鹭燕大药房有限公司,2022/10/19 10:48
330021,维生素D滴剂,,400IU*5*12粒/板/盒,青岛双鲸药业股份有限公司,盒,2,,,6,厦门鹭燕大药房有限公司,2022/10/19 10:48
475372,儿咳糖浆,,10ml*6支,杭州华威药业股份有限公司,盒,2,,,6,厦门鹭燕大药房有限公司,2023/9/28 11:24
484778,无菌敷料,,无纺布敷料 6cm*7cm 居中衬垫 3cm*4cm(1片装),浙江隆泰医疗科技有限公司,包,5,,,6,厦门鹭燕大药房有限公司,2023/5/30 15:02
484777,无菌敷料,,无纺布敷料 10cm*10cm 居中衬垫 5cm*5cm(1片装),浙江隆泰医疗科技有限公司,包,2,,,6,厦门鹭燕大药房有限公司,2023/8/31 11:29
425182,盐酸普拉克索片,森福罗,0.25mg*30片,Boehringer Ingelheim Pharma GmbH & Co.KG(上海勃林格殷格翰药业有限公司),盒,1,,,6,厦门鹭燕大药房有限公司,2023/3/30 23:06
419067,甲巯咪唑片,赛治,10mg*50片,默克制药(江苏)有限公司,盒,2,,,6,厦门鹭燕大药房有限公司,2022/10/19 10:48
475408,左甲状腺素钠片,优甲乐,50ug(以左甲状腺素钠计)*100片,默克制药(江苏)有限公司,盒,2,,,6,厦门鹭燕大药房有限公司,2023/8/31 11:29
262136,麝香壮骨膏,,7*10cm*10片,湖南金寿制药有限公司,盒,2,,,6,厦门鹭燕大药房有限公司,2022/10/19 10:48
348963,头孢克洛缓释片(Ⅱ),希刻劳,0.375g*4片,苏州西克罗制药有限公司,盒,2,,,6,厦门鹭燕大药房有限公司,2022/10/19 10:48
348962,头孢克洛干混悬剂,希刻劳,0.125g*6袋,苏州西克罗制药有限公司,盒,2,,,6,厦门鹭燕大药房有限公司,2022/10/19 10:48
375117,铝碳酸镁咀嚼片,达喜,0.5g*30片,拜耳医药保健有限公司委托拜耳医药保健有限公司启东分公司,盒,2,,,6,厦门鹭燕大药房有限公司,2022/10/19 10:48
360972,藿香正气水,,10ml*10支,云南白药集团股份有限公司委托（云南楚雄天利药业有限公司）,盒,2,,,6,厦门鹭燕大药房有限公司,2022/10/19 10:48
283833,复方鲜竹沥液,,10ml*6瓶,江西远东药业股份有限公司,盒,2,,,6,厦门鹭燕大药房有限公司,2022/10/19 10:48
400515,小柴胡颗粒,,每袋装10g*9袋,一力制药（罗定）有限公司,盒,2,,,6,厦门鹭燕大药房有限公司,2022/10/19 10:48
277710,克霉唑乳膏,,10g:0.1g(1%),河南大新药业有限公司,支,2,,,6,厦门鹭燕大药房有限公司,2022/10/19 10:48
332688,银黄颗粒,,4g*12袋,河南诺美药业有限公司,盒,2,,,6,厦门鹭燕大药房有限公司,2022/10/19 10:48
365321,氟哌噻吨美利曲辛片,黛力新,0.5mg:10mg*20片,H.Lundbeck A/S 丹麦,盒,2,,,6,厦门鹭燕大药房有限公司,2022/10/19 10:48
336214,草酸艾司西酞普兰片,来士普,10mg*7片,H.Lundbeck A/S 丹麦,盒,1,,,6,厦门鹭燕大药房有限公司,2022/10/19 10:48
329992,肾宝胶囊,,0.5g*9粒*14板,江西南昌桑海制药有限责任公司,盒,1,,,6,厦门鹭燕大药房有限公司,2023/2/24 8:35
301279,肤痒颗粒,,6g*12袋,成都迪康药业股份有限公司,盒,2,,,6,厦门鹭燕大药房有限公司,2022/10/19 10:48
398495,金银花口服液,,每支装20ml*6支（每1ml相当于饮片90mg）,真奥金银花药业有限公司,盒,2,,,6,厦门鹭燕大药房有限公司,2022/10/19 10:48
363672,诺氟沙星胶囊,,0.1g*24粒,云南白药集团股份有限公司委托(云南白药集团大理药业有限责任公司),盒,2,,,6,厦门鹭燕大药房有限公司,2023/9/28 11:22
383126,复方聚维酮碘搽剂,,2ml*4瓶(1ml:有效碘3mg与阿司匹林120mg)+创可贴,乐泰药业有限公司,盒,1,,,6,厦门鹭燕大药房有限公司,2023/6/30 15:35
335232,格列吡嗪控释片,瑞易宁,5mg*14片,Pfizer Pharmaceuticals LLC(瀚晖制药有限公司),盒,2,,,6,厦门鹭燕大药房有限公司,2022/10/19 10:48
351618,云南白药膏,,6.5cm*10cm*5片(打孔透气型),云南白药集团无锡药业有限公司委托（云南白药集团股份有限公司）,盒,2,,,6,厦门鹭燕大药房有限公司,2022/10/19 10:48
240550,和胃整肠丸,,0.2g*50粒,李万山药厂(钓鱼商标)两合公司,瓶,2,,,6,厦门鹭燕大药房有限公司,2023/9/28 11:21
453290,左氧氟沙星滴眼液,可乐必妥,5ml:24.4mg*1支,"Santen Pharmaceutical Co., Ltd., Noto Plant 日本",盒,2,,,6,厦门鹭燕大药房有限公司,2023/3/30 23:11
328456,银杏叶片,,9.6mg:2.4mg*24片,广西两面针亿康药业股份有限公司,盒,2,,,6,厦门鹭燕大药房有限公司,2022/10/19 10:48
419712,黄芪精,,每支装10ml*30支,扬子江药业集团江苏龙凤堂中药有限公司,盒,1,,,6,厦门鹭燕大药房有限公司,2023/2/24 8:37
401428,胃苏颗粒(无糖),,5g*9袋,扬子江药业集团江苏龙凤堂中药有限公司,盒,2,,,6,厦门鹭燕大药房有限公司,2023/3/30 23:05
389975,京都念慈菴枇杷糖,,45克(2.5g*18粒),香港京都念慈菴总厂有限公司委托(泰国亚洲珍宝工业有限公司),盒,3,,,6,厦门鹭燕大药房有限公司,2022/10/19 10:48
115,银杏叶提取物片,金纳多,40mg*20片,Dr. Willmar Schwabe GmbH & Co. KG 德国威玛舒培博士药厂,盒,2,,,6,厦门鹭燕大药房有限公司,2022/10/19 10:48
195427,普拉洛芬滴眼液,普南扑灵,5ml:5mg,"Senju Pharmaceutical Co., Ltd.Fukusaki Plant日本",瓶,2,,,6,厦门鹭燕大药房有限公司,2023/9/28 16:27
479853,沙库巴曲缬沙坦钠片,诺欣妥,以沙库巴曲缬沙坦计100mg(沙库巴曲49mg/缬沙坦51mg)*14片,Novartis Farma S.p.A（北京诺华制药有限公司）,盒,2,,,6,厦门鹭燕大药房有限公司,2023/9/28 11:24
291236,奥卡西平片,曲莱,0.3g*50片,Novartis Farma S.p.A（北京诺华制药有限公司）,盒,1,,,6,厦门鹭燕大药房有限公司,2022/10/19 10:48
452125,一次性使用医用口罩,,平面型17cm*9.5cm*10只(钴蓝),安徽宜美健医疗用品有限公司,袋,3,,,6,厦门鹭燕大药房有限公司,2022/10/19 10:48
452124,一次性使用医用口罩,,平面型17cm*9.5cm*10只(炫白),安徽宜美健医疗用品有限公司,袋,3,,,6,厦门鹭燕大药房有限公司,2022/10/19 10:48
406888,阿达帕林凝胶,达芙文,0.1%*30g(OTC),Laboratoires GALDERMA 法国,支,2,,,6,厦门鹭燕大药房有限公司,2022/10/19 10:48
330435,排石颗粒,,20g*10袋,江西南昌济生制药有限责任公司,盒,2,,,6,厦门鹭燕大药房有限公司,2022/10/19 10:48
298805,复方鲜竹沥液,,20ml*6支(无蔗糖),江西南昌济生制药有限责任公司,盒,2,,,6,厦门鹭燕大药房有限公司,2022/10/19 10:48
333659,消炎利胆片,,100片,广东万年青制药股份有限公司,瓶,2,,,6,厦门鹭燕大药房有限公司,2022/10/19 10:48
420427,塞来昔布胶囊,,0.2g*10粒/板*2板,四川国为制药有限公司,盒,2,,,6,厦门鹭燕大药房有限公司,2023/9/28 11:23
349839,阿托伐他汀钙片,,20mg×7片,乐普制药科技有限公司,盒,2,,,6,厦门鹭燕大药房有限公司,2023/9/28 11:22
460265,氨氯地平阿托伐他汀钙片,,7片*5mg：10mg(以氨氯地平/阿托伐他汀计),瀚晖制药有限公司,盒,2,,,6,厦门鹭燕大药房有限公司,2022/10/19 10:48
302812,盐酸米诺环素胶囊,玫满,100mg*10粒,瀚晖制药有限公司,盒,2,,,6,厦门鹭燕大药房有限公司,2023/9/28 16:24
387266,复方酮康唑软膏,,(每克含酮康唑10mg:丙酸氯倍他索0.5mg)*7g,上海宝龙药业股份有限公司,瓶,2,,,6,厦门鹭燕大药房有限公司,2022/10/19 10:48
410745,黄氏响声丸,,炭衣丸 每丸重0.133g*36丸*4板,无锡济煜山禾药业股份有限公司,盒,2,,,6,厦门鹭燕大药房有限公司,2022/10/19 10:48
102233,左乙拉西坦片,开浦兰,0.5g*30片,UCB Pharma S.A.(优时比(珠海)制药有限公司),盒,1,,,6,厦门鹭燕大药房有限公司,2022/10/19 10:48
251963,小儿布洛芬栓,,50mg*3粒,山西达因儿童制药有限公司,盒,2,,,6,厦门鹭燕大药房有限公司,2023/6/30 15:33
445663,瑞舒伐他汀钙片,可定,10mg*28片,"IPR Pharmaceuticals,INCORPORATED(阿斯利康药业(中国)有限公司)",盒,2,,,6,厦门鹭燕大药房有限公司,2022/10/19 10:48
441044,头孢克肟胶囊,琪安,100mg(按C16H15N5O7S2计)*12粒,齐鲁安替制药有限公司,盒,2,,,6,厦门鹭燕大药房有限公司,2023/9/28 11:23
471601,新型冠状病毒(2019-nCoV)抗原检测试剂盒(胶体金法),,A型号：25人份/盒,厦门为正生物科技股份有限公司,盒,1,,,6,厦门鹭燕大药房有限公司,2023/9/28 11:17
404253,板蓝根颗粒,,10g*20袋,广东恒诚制药股份有限公司,包,2,,,6,厦门鹭燕大药房有限公司,2022/10/19 10:48
440036,风油精,,每瓶装3ml,广东恒诚制药股份有限公司,盒,2,,,6,厦门鹭燕大药房有限公司,2022/10/19 10:48
344719,复方鱼腥草片,,0.393g*100片,广东恒诚制药股份有限公司,瓶,2,,,6,厦门鹭燕大药房有限公司,2022/10/19 10:48
409851,燕窝(白燕盏),,"疏盏,50g/盒",慈母恩溯源燕窝(印度尼西亚)有限公司/PT.ORGANIC HANSJAYA,g,50,,,6,厦门鹭燕大药房有限公司,2022/10/19 10:48
349830,抗病毒口服液,,10ml*10支,石家庄北方药业集团有限公司,盒,2,,,6,厦门鹭燕大药房有限公司,2023/3/30 23:03
422823,玻璃体温计,,三角形棒式(口腔),东阿阿华医疗科技有限公司,支,10,,,6,厦门鹭燕大药房有限公司,2023/3/30 23:06
392453,厄贝沙坦片,吉加,0.15g*7片,江苏恒瑞医药股份有限公司委托(成都盛迪医药有限公司),盒,2,,,6,厦门鹭燕大药房有限公司,2022/10/19 10:48
392815,小儿咳喘灵口服液,,每瓶装100ml,杨凌步长制药有限公司,盒,2,,,6,厦门鹭燕大药房有限公司,2023/2/24 8:36
391144,依巴斯汀片,,10mg*14片,杭州仟源保灵药业有限公司,盒,2,,,6,厦门鹭燕大药房有限公司,2022/10/19 10:48
392066,人绒毛膜促性腺激素(HCG)诊断试剂(乳胶法),早早孕测试笔,"CB11,1支装",雅培诊断产品(上海)有限公司,盒,2,,,6,厦门鹭燕大药房有限公司,2023/2/24 8:36
392067,人绒毛膜促性腺激素(HCG)诊断试剂(乳胶法),早早孕测试笔,"CB11,2支装",雅培诊断产品(上海)有限公司,盒,2,,,6,厦门鹭燕大药房有限公司,2022/10/19 10:48
460118,医用退热贴,,儿童用14片装(50mm*110mm*2片/袋*7袋),合肥小林日用品有限公司,盒,2,,,6,厦门鹭燕大药房有限公司,2022/10/19 10:48
329507,医用退热贴,,成人用(温和型)4片装(2片/袋*2袋，50mm*130mm),合肥小林日用品有限公司,盒,2,,,6,厦门鹭燕大药房有限公司,2022/10/19 10:48
322487,医用退热贴,,婴儿用12片装(40mm*90mm*2片/袋*6袋),合肥小林日用品有限公司,盒,2,,,6,厦门鹭燕大药房有限公司,2022/10/19 10:48
293084,医用退热贴,,儿童用(温和型)4片装(50mm*110mm*2片/袋*2袋),合肥小林日用品有限公司,盒,2,,,6,厦门鹭燕大药房有限公司,2022/10/19 10:48
358809,云南白药创可贴,,1.5cm*2.3cm*50贴(经济型),云南白药集团无锡药业有限公司委托江苏南方卫材医药股份有限公司,盒,2,,,6,厦门鹭燕大药房有限公司,2022/10/19 10:48
350907,云南白药创可贴,,1.5cm*2.3cm*100贴(轻巧透气型),云南白药集团无锡药业有限公司委托江苏南方卫材医药股份有限公司,盒,2,,,6,厦门鹭燕大药房有限公司,2022/10/19 10:48
286347,开塞露,,20ml(含甘油),福元药业有限公司,支,20,,,6,厦门鹭燕大药房有限公司,2022/11/15 9:22
367536,复方醋酸氟轻松酊,,复方20ml,福元药业有限公司,瓶,2,,,6,厦门鹭燕大药房有限公司,2022/10/19 10:48
312621,哈西奈德溶液,,0.1% ：10ml,福元药业有限公司,瓶,2,,,6,厦门鹭燕大药房有限公司,2023/9/28 16:21
297402,阿昔洛韦乳膏,,10g:0.3g(3%),福元药业有限公司,支,2,,,6,厦门鹭燕大药房有限公司,2023/9/28 16:21
351551,哈西奈德乳膏,,10g,福元药业有限公司,支,2,,,6,厦门鹭燕大药房有限公司,2022/10/19 10:48
324889,咪康唑氯倍他索乳膏,,10g,福元药业有限公司,盒,2,,,6,厦门鹭燕大药房有限公司,2022/10/19 10:48
287103,复方醋酸地塞米松乳膏,,复方20g,福元药业有限公司,支,2,,,6,厦门鹭燕大药房有限公司,2022/10/19 10:48
359230,尿素维E乳膏,,15%：50g,福元药业有限公司,支,2,,,6,厦门鹭燕大药房有限公司,2023/3/30 23:03
288039,复方黄连素片,,30mg*100片,四川森科制药有限公司,瓶,2,,,6,厦门鹭燕大药房有限公司,2022/10/19 10:48
416407,天然胶乳橡胶避孕套,,52±2mm光面型，3片装 0.03白金超薄,"冈本株式会社OKAMOTO INDUSTRIES,INC.",盒,2,,,6,厦门鹭燕大药房有限公司,2023/10/31 16:05
363820,酒精棉片(湿巾),,30*60mm/片*50片,泉州优益诺医疗器械有限公司,盒,3,,,6,厦门鹭燕大药房有限公司,2022/10/19 10:48
324475,奥美拉唑肠溶胶囊,,20mg*14粒*2板,湖南迪诺制药股份有限公司,盒,2,,,6,厦门鹭燕大药房有限公司,2022/10/19 10:48
294449,丁酸氢化可的松乳膏,,10g:10mg(15g),湖南迪诺制药股份有限公司,盒,2,,,6,厦门鹭燕大药房有限公司,2022/10/19 10:48
422113,德鲁克牌消毒酒精,,100ml(喷雾剂),江苏德鲁克生物科技有限公司,瓶,3,,,6,厦门鹭燕大药房有限公司,2022/10/19 10:48
379205,德鲁克牌消毒酒精,,75%500ml,江苏德鲁克生物科技有限公司,瓶,3,,,6,厦门鹭燕大药房有限公司,2022/10/19 10:48
377857,德鲁克牌碘伏消毒液(聚维酮碘),,100ml,江苏德鲁克生物科技有限公司,瓶,3,,,6,厦门鹭燕大药房有限公司,2022/10/19 10:48
299517,鲜竹沥,,100ml,四川省通园制药集团有限公司,瓶,2,,,6,厦门鹭燕大药房有限公司,2022/10/19 10:48
406196,磷酸铝凝胶,洁维乐,123.8mg/g  20g/袋*4袋,"Boryung Pharmaceutical Co.,Ltd.韩国",盒,2,,,6,厦门鹭燕大药房有限公司,2023/9/28 11:23
375179,维生素B12片,,25ug*100片,云鹏医药集团有限公司,瓶,2,,,6,厦门鹭燕大药房有限公司,2022/10/19 10:48
409249,金水宝胶囊,,0.33g*9粒*6板,江西金水宝制药有限公司,盒,2,,,6,厦门鹭燕大药房有限公司,2023/9/28 11:23
28151,金牌风油精,,3ml,LeungKai FookMedical Co.Pte Ltd.新加坡梁介福药业私人有限公司,瓶,2,,,6,厦门鹭燕大药房有限公司,2022/10/19 10:48
254344,缬沙坦氨氯地平片(I),,7片(每片含缬沙坦80mg、氨氯地平5mg),Novartis Farmaceutica S.A.（北京诺华制药有限公司）,盒,2,,,6,厦门鹭燕大药房有限公司,2022/10/19 10:48
430555,正露丸,,每丸重0.22g*100丸,"TAIKO PHARMACEUTICAL CO.,LTD 大幸药品株式会社",瓶,2,,,6,厦门鹭燕大药房有限公司,2023/8/31 11:29
484775,盐酸特比萘芬乳膏,,铝管包装 1%*10g,GSK Consumer Healthcare SARL瑞士,盒,2,,,6,厦门鹭燕大药房有限公司,2023/4/27 9:29
312,七叶洋地黄双苷滴眼液,施图伦,0.4ml*10支,Pharma Stulln GmbH德国视都灵药品有限责任公司,盒,2,,,6,厦门鹭燕大药房有限公司,2023/9/28 16:27
268063,复合维生素片,,100片,Bayer S.A.(拜耳医药保健有限公司启东分公司),盒,1,,,6,厦门鹭燕大药房有限公司,2022/10/19 10:48
458997,珍珠明目滴眼液,,10ml*1支,北海国发川山生物股份有限公司制药厂,盒,2,,,6,厦门鹭燕大药房有限公司,2022/10/19 10:48
20117,糠酸莫米松鼻喷雾剂,内舒拿,50ug*60喷,Schering-Plough Labo N.V.(Belgium)比利时,支,2,,,6,厦门鹭燕大药房有限公司,2023/6/30 15:30
461982,连花清瘟颗粒,,6g*10袋,北京以岭药业有限公司委托(衡水以岭药业有限公司),盒,2,,,6,厦门鹭燕大药房有限公司,2023/6/30 15:41
462230,非那雄胺片,保法止,1mg*28片,AIAC International Pharma LLC(Puerto Rico)(杭州默沙东制药有限公司),盒,1,,,6,厦门鹭燕大药房有限公司,2023/6/30 15:41
443999,孟鲁司特钠颗粒,顺尔宁,4mg(以孟鲁司特计)*7袋,Patheon Manufacturing Services LLC(U.S.A.)(Merck Sharp&Dohme Crop.(U.S.A.))(杭州默沙东制药有限公司),盒,2,,,6,厦门鹭燕大药房有限公司,2023/2/24 8:38
493480,人绒毛膜促性腺激素(HCG)检测试纸(胶体金法),,试盒(RH-HCG-C01) 1支/袋,广东伊康纳斯生物医药科技股份有限公司,盒,2,,,6,厦门鹭燕大药房有限公司,2023/8/31 11:31
493479,人绒毛膜促性腺激素(HCG)检测试纸(胶体金法),,"试笔(RH-HCG-B01),1支/袋",广东伊康纳斯生物医药科技股份有限公司,盒,2,,,6,厦门鹭燕大药房有限公司,2023/8/31 11:31
497148,促黄体生成素(LH)检测试纸(胶体金法),,试条(RH-LH-S)*10条装/盒,广东伊康纳斯生物医药科技股份有限公司,盒,2,,,6,厦门鹭燕大药房有限公司,2023/8/31 11:31
489519,人绒毛膜促性腺激素(HCG)检测试纸(胶体金法),,"试条(RH-HCG-S),1条/袋",广东伊康纳斯生物医药科技股份有限公司,袋,2,,,6,厦门鹭燕大药房有限公司,2023/7/25 14:40
457312,白燕窝(燕盏),,"B2燕盏,50克",官燕苑有限公司/KUAN WELLNESS SDN.BHD,克,50,,,6,厦门鹭燕大药房有限公司,2023/3/30 23:11
457310,白燕窝(燕盏),,"中盏,50克",官燕苑有限公司/KUAN WELLNESS SDN.BHD,克,50,,,6,厦门鹭燕大药房有限公司,2023/3/30 23:11
457309,白燕窝(燕盏),,"大盏,50克",官燕苑有限公司/KUAN WELLNESS SDN.BHD,克,50,,,6,厦门鹭燕大药房有限公司,2023/3/30 23:11
457311,白燕窝(燕盏),,"小盏,50克",官燕苑有限公司/KUAN WELLNESS SDN.BHD,克,50,,,6,厦门鹭燕大药房有限公司,2022/10/19 10:48
493044,盐酸羟甲唑啉喷雾剂,,15ml*0.05%(10ml:5mg),南京海鲸药业股份有限公司,盒,2,,,6,厦门鹭燕大药房有限公司,2023/9/28 11:25
453370,双氯芬酸二乙胺乳胶剂,,1%(20g:0.2g以C14H10Cl2NNaO2计)*20g*1支,瑞士GSK Consumer Healthcare SARL,盒,2,,,6,厦门鹭燕大药房有限公司,2022/10/19 10:48
328,硫酸氨基葡萄糖胶囊,维固力,0.25g*20粒,Rottapharm Ltd.爱尔兰,盒,2,,,6,厦门鹭燕大药房有限公司,2022/10/19 10:48
479328,碳酸钙D3咀嚼片(Ⅲ)(曾用名：儿童维D钙咀嚼片),迪巧,"30片(每片含维生素D3 100IU(2.5μg),碳酸钙750毫克(相当于钙300毫克))","A&Z Pharmaceutical,Inc.(安士制药(中山)有限公司)",瓶,1,,,6,厦门鹭燕大药房有限公司,2023/4/3 16:49
479327,碳酸钙D3咀嚼片(Ⅲ)(曾用名：维D钙咀嚼片),迪巧,"60片(每片含维生素D3 100IU(2.5μg),碳酸钙750毫克(相当于钙300毫克))","A&Z Pharmaceutical,Inc.(安士制药(中山)有限公司)",瓶,1,,,6,厦门鹭燕大药房有限公司,2023/4/3 16:49
67750,利格列汀片,欧唐宁,5mg*7片,West-ward Columbus Inc.(上海勃林格殷格翰药业有限公司),盒,1,,,6,厦门鹭燕大药房有限公司,2022/10/19 10:48
488102,拉莫三嗪片,利必通,50mg*30片,DELPHARM POZNAN SPOLKA AKCYJNA波兰,盒,1,,,6,厦门鹭燕大药房有限公司,2023/8/31 11:30
296446,西格列汀二甲双胍片(Ⅱ),捷诺达,磷酸西格列汀50mg和盐酸二甲双胍850mg*28片,"Patheon Puerto Rico, Inc.(Manati)(United States)(杭州默沙东制药有限公司)",盒,1,,,6,厦门鹭燕大药房有限公司,2023/6/30 15:34
476450,双氯芬酸钠肠溶片,,25mg*30片,中美天津史克制药有限公司委托(北京诺华制药有限公司),盒,2,,,6,厦门鹭燕大药房有限公司,2023/4/3 16:49
465822,小柴胡颗粒,,10g*8袋,安徽张恒春药业股份有限公司,盒,2,,,6,厦门鹭燕大药房有限公司,2023/6/30 15:42
3509,苯溴马隆片,立加利仙,50mg*10片/板,德国赫曼大药厂Excella GmbH & Co.KG(昆山龙灯瑞迪制药有限公司),盒,2,,,6,厦门鹭燕大药房有限公司,2022/10/19 10:48
462463,屈螺酮炔雌醇片,优思明,21片*每片含炔雌醇0.03mg和屈螺酮3mg,"Bayer Weimar GmbH&Co,KG(Bayer AG)(拜耳医药保健有限公司广州分公司)",盒,1,,,6,厦门鹭燕大药房有限公司,2023/6/30 15:41
335135,舒洛地特软胶囊,伟素,250LSU*12粒,阿尔法西格玛股份有限公司ALFASIGMA S.p.A.意大利,盒,1,,,6,厦门鹭燕大药房有限公司,2022/10/19 10:48
475308,胃肠安丸,,36丸*2瓶(每4丸重0.08g),津药达仁堂集团股份有限公司乐仁堂制药厂,盒,1,,,6,厦门鹭燕大药房有限公司,2023/4/3 16:49
452804,咽炎含片,,每片重1g*8片*3板,安徽济人药业股份有限公司,盒,2,,,6,厦门鹭燕大药房有限公司,2023/9/28 11:24
465959,蒲地蓝消炎片,,12片*6板(每片重0.3g),安徽济人药业股份有限公司,盒,2,,,6,厦门鹭燕大药房有限公司,2022/11/9 10:44
458698,丁细牙痛胶囊,,每粒装0.45g*12粒*2板,广东泰康制药有限公司,盒,2,,,6,厦门鹭燕大药房有限公司,2023/3/30 23:11
4571,骨化三醇胶丸,罗盖全,0.25ug*10粒,Catalent Germany Eberbach GmbH.德国(上海罗氏制药有限公司),盒,2,,,6,厦门鹭燕大药房有限公司,2022/10/19 10:48
2740,甲磺酸多沙唑嗪缓释片,可多华,4mg*10片,Pfizer Pharmaceuticals LLC(辉瑞制药有限公司),盒,2,,,6,厦门鹭燕大药房有限公司,2023/3/30 19:31
324664,塞来昔布胶囊,西乐葆,0.2g*18粒,Pfizer Pharmaceuticals LLC(辉瑞制药有限公司),盒,1,,,6,厦门鹭燕大药房有限公司,2022/10/19 10:48
2744,塞来昔布胶囊,西乐葆,0.2g*6粒,Pfizer Pharmaceuticals LLC(辉瑞制药有限公司),盒,2,,,6,厦门鹭燕大药房有限公司,2022/10/19 10:48
462673,双环醇片,百赛诺,25mg*18片,北京协和药厂有限公司,盒,2,,,6,厦门鹭燕大药房有限公司,2023/9/28 11:24
459440,解痉镇痛酊,,每瓶装30毫升*1瓶,上海小方制药股份有限公司,盒,2,,,6,厦门鹭燕大药房有限公司,2023/2/24 8:38
454869,炉甘石洗剂,,复方100ml,上海小方制药股份有限公司,瓶,2,,,6,厦门鹭燕大药房有限公司,2023/2/24 8:38
466167,尿素维E乳膏,,20g(20g:3g),上海小方制药股份有限公司,盒,2,,,6,厦门鹭燕大药房有限公司,2023/3/30 23:13
457119,开塞露(含甘油),,20ml*6支,上海小方制药股份有限公司,盒,2,,,6,厦门鹭燕大药房有限公司,2023/3/30 23:11
461871,开塞露(含甘油),,10ml*2支,上海小方制药股份有限公司,盒,20,,,6,厦门鹭燕大药房有限公司,2022/10/19 10:48
459439,碘甘油,,1%*20ml*1瓶,上海小方制药股份有限公司,盒,2,,,6,厦门鹭燕大药房有限公司,2022/10/19 10:48
460172,氧化锌软膏,,15%*20g*1瓶,上海小方制药股份有限公司,盒,2,,,6,厦门鹭燕大药房有限公司,2022/10/19 10:48
459437,开塞露(含甘油),,20ml,上海小方制药股份有限公司,支,20,,,6,厦门鹭燕大药房有限公司,2022/10/19 10:48
459436,开塞露(含甘油),,20ml*2支,上海小方制药股份有限公司,盒,20,,,6,厦门鹭燕大药房有限公司,2022/10/19 10:48
458826,硫软膏,,25g(10%),上海小方制药股份有限公司,瓶,2,,,6,厦门鹭燕大药房有限公司,2023/5/30 15:01
461872,硼酸洗液,,250ml*3%,上海小方制药股份有限公司,瓶,2,,,6,厦门鹭燕大药房有限公司,2023/9/28 16:28
79416,依巴斯汀片,开思亭,10mg*10片,"INDUSTRIAS FARMACEUTICAS ALMIRALL,S.A.西班牙",盒,2,,,6,厦门鹭燕大药房有限公司,2022/10/19 10:48
427674,琥珀酸美托洛尔缓释片,倍他乐克,47.5mg*14片/板*2板,AstraZeneca AB(阿斯利康制药有限公司),盒,2,,,6,厦门鹭燕大药房有限公司,2022/10/19 10:48
449444,奥美拉唑镁肠溶片,洛赛克MUPS,20mg(以C17H19N303S计)*7片*2板,AstraZeneca AB(阿斯利康制药有限公司),盒,1,,,6,厦门鹭燕大药房有限公司,2023/6/30 15:40
380,琥珀酸美托洛尔缓释片,倍他乐克,47.5mg*7片,AstraZeneca AB(阿斯利康制药有限公司),盒,2,,,6,厦门鹭燕大药房有限公司,2022/10/19 10:48
43595,五塔标行军散,,9g/玻璃瓶,"FIVE PAGODAS PHARMACY CO.,LTD(五塔药房有限公司)",瓶,2,,,6,厦门鹭燕大药房有限公司,2022/10/19 10:48
446274,多维元素片(21),21金维他,复方*60片,杭州民生健康药业股份有限公司,盒,1,,,6,厦门鹭燕大药房有限公司,2022/10/19 10:48
454755,孟鲁司特钠片,顺尔宁,10mg*5片(按C35H36CIN03S计）,Organon Pharma(UK)Limited(United Kingdom)(杭州默沙东制药有限公司),盒,2,,,6,厦门鹭燕大药房有限公司,2023/9/28 11:24
464796,孟鲁司特钠咀嚼片,顺尔宁,4mg*5片(按C35H36CINO3S计),Organon Pharma(UK)Limited(United Kingdom)(杭州默沙东制药有限公司),盒,2,,,6,厦门鹭燕大药房有限公司,2023/6/30 15:42
447419,硝苯地平控释片,拜新同,30mg*28片,Bayer AG(拜耳医药保健有限公司),盒,1,,,6,厦门鹭燕大药房有限公司,2022/10/19 10:48
478245,红霉素眼膏,,0.5%*2g,山东辰欣佛都药业股份有限公司,盒,2,,,6,厦门鹭燕大药房有限公司,2023/6/30 15:42
476292,盐酸金霉素眼膏,,2g*0.5%*1支,山东辰欣佛都药业股份有限公司,盒,2,,,6,厦门鹭燕大药房有限公司,2023/10/31 16:05
460288,华法林钠片,,3mg*100片 ,Orion Corporation Orion Pharma芬兰,盒,1,,,6,厦门鹭燕大药房有限公司,2023/6/30 15:41
475640,布地奈德鼻喷雾剂,雷诺考特,64ug/喷（1.28毫克/毫升）*120喷/支/盒,McNeil AB瑞典,盒,1,,,6,厦门鹭燕大药房有限公司,2023/4/3 16:49
475638,布地奈德鼻喷雾剂,雷诺考特,32ug/喷（0.64毫克/毫升）*120喷/支/盒,McNeil AB瑞典,盒,1,,,6,厦门鹭燕大药房有限公司,2023/4/3 16:49
438954,燕窝(白燕盏),,"密盏A1,50g/盒",大马顶级燕窝有限公司,g,50,,,6,厦门鹭燕大药房有限公司,2023/3/30 23:09
488139,牙痛停滴丸,,每丸重40mg*20丸,津药达仁堂集团股份有限公司第六中药厂,盒,2,,,6,厦门鹭燕大药房有限公司,2023/5/30 15:02
485709,清咽滴丸,,每丸重20mg*30丸,津药达仁堂集团股份有限公司第六中药厂,瓶,2,,,6,厦门鹭燕大药房有限公司,2023/9/28 11:24
475263,速效救心丸,,40mg*60丸*3瓶,津药达仁堂集团股份有限公司第六中药厂,盒,1,,,6,厦门鹭燕大药房有限公司,2023/4/3 16:48
66841,辛伐他汀片,舒降之,20mg*7片,Merck Sharp & Dohme Limited(United Kingdom)(杭州默沙东制药有限公司),盒,2,,,6,厦门鹭燕大药房有限公司,2023/9/28 16:23
128,卤米松/三氯生乳膏,新适确得,10g,"Famar SA,Greece 希腊",支,2,,,6,厦门鹭燕大药房有限公司,2022/10/19 10:48
461682,达格列净片,,10mg(以C21H25ClO6计)*10片/板*3板/盒,AstraZeneca Pharmaceuticals LP(阿斯利康制药有限公司),盒,2,,,6,厦门鹭燕大药房有限公司,2022/10/19 10:48
2743,普瑞巴林胶囊,乐瑞卡,75mg*8粒,"Pfizer Manufacturing Deutschland GmbH,Betriebsstatte Freiburg(辉瑞制药有限公司)",盒,1,,,6,厦门鹭燕大药房有限公司,2022/10/19 10:48
6655,氯沙坦钾片,科素亚,50mg*7片,Merck Sharp & Dohme Limited(U.K.)(杭州默沙东制药有限公司),盒,2,,,6,厦门鹭燕大药房有限公司,2022/10/19 10:48
486354,燕窝(白燕盏),,"疏盏,50克",印度尼西亚福利燕窝私人有限公司/PT.ANUGERAH WALET INDONESIA,g,50,,,6,厦门鹭燕大药房有限公司,2023/9/28 11:25
463880,大枣,,2000g,卢氏县中康中药饮片有限公司,盒,3,,,6,厦门鹭燕大药房有限公司,2023/3/30 23:13
427902,甲硝唑凝胶,丽芙,20g:0.15g,江苏知原药业股份有限公司,盒,2,,,6,厦门鹭燕大药房有限公司,2022/10/19 10:48
441023,依托考昔片,安康信,60mg*5片,Rovi Pharma Industrial Services S.A.(Spain)西班牙(杭州默沙东制药有限公司),盒,1,,,6,厦门鹭燕大药房有限公司,2023/4/27 9:29
6449,盐酸阿罗洛尔片,阿尔马尔片,10mg*10片,Kyoto Pharmaceutical Industries Ltd. Osadano Plant（住友制药(苏州)有限公司）,盒,2,,,6,厦门鹭燕大药房有限公司,2022/10/19 10:48
508,阿司匹林肠溶片,拜阿司匹灵,100mg*30片,Bayer HealthCare Manufacturing S.r.l(拜耳医药保健有限公司),盒,2,,,6,厦门鹭燕大药房有限公司,2022/10/19 10:48
1039,布拉氏酵母菌散,亿活,0.25g*6袋,法国百科达制药厂(BIOCODEX),盒,2,,,6,厦门鹭燕大药房有限公司,2022/10/19 10:48
462806,洛索洛芬钠贴剂,,50mg/贴(7cm×10cm)*3贴,"LEAD CHEMICAL CO., LTD. HISAGANE PLANT(上海朝晖药业有限公司)",盒,2,,,6,厦门鹭燕大药房有限公司,2023/9/28 11:24
459121,麝香祛痛气雾剂,,72g(含药液56ml)[每1ml相当于饮片43mg.含薄荷脑10mg、樟脑30mg],浙江苏可安药业有限公司,瓶,2,,,6,厦门鹭燕大药房有限公司,2023/5/30 15:01
349708,缬沙坦氢氯噻嗪片,复代文,每片含缬沙坦80mg与氢氯噻嗪12.5mg*7片,Novartis Farma S.p.A.(I)(北京诺华制药有限公司),盒,2,,,6,厦门鹭燕大药房有限公司,2022/10/19 10:48
,,,,,,,,,,,
